aar,dimension,branche,stoerrelse,sektor,region,antal_arbejdssteder,p10,p25,p50,p75,p90
2012,indvandrere,Alle,Alle,Alle,Alle,2228,0.0,0.046,0.127,0.208,0.281
2012,indvandrere,Alle,Alle,Alle,Hovedstaden,539,0.003,0.076,0.157,0.237,0.31
2012,indvandrere,Alle,Alle,Alle,Midtjylland,386,0.0,0.029,0.109,0.19,0.263
2012,indvandrere,Alle,Alle,Alle,Nordjylland,1383,0.0,0.0,0.064,0.145,0.218
2012,indvandrere,Alle,Alle,Alle,Sjælland,1900,0.0,0.026,0.107,0.188,0.261
2012,indvandrere,Alle,Alle,Alle,Syddanmark,535,0.0,0.024,0.105,0.186,0.259
2012,indvandrere,Bygge og anlæg,100-249,Alle,Alle,1362,0.0,0.022,0.103,0.184,0.257
2012,indvandrere,Bygge og anlæg,250-499,Alle,Alle,2598,0.0,0.045,0.126,0.207,0.28
2012,indvandrere,Bygge og anlæg,50-99,Alle,Alle,980,0.0,0.024,0.105,0.186,0.259
2012,indvandrere,Bygge og anlæg,50-99,Offentlig,Alle,36,0.0,0.02,0.101,0.182,0.255
2012,indvandrere,Bygge og anlæg,50-99,Privat,Alle,62,0.0,0.067,0.147,0.228,0.301
2012,indvandrere,Bygge og anlæg,500+,Alle,Alle,1847,0.0,0.054,0.135,0.216,0.289
2012,indvandrere,Bygge og anlæg,500+,Offentlig,Alle,67,0.0,0.022,0.103,0.184,0.257
2012,indvandrere,Bygge og anlæg,500+,Privat,Alle,38,0.0,0.071,0.152,0.233,0.306
2012,indvandrere,Bygge og anlæg,Alle,Alle,Alle,671,0.0,0.056,0.136,0.217,0.29
2012,indvandrere,Bygge og anlæg,Alle,Offentlig,Alle,679,0.0,0.062,0.143,0.224,0.297
2012,indvandrere,Bygge og anlæg,Alle,Privat,Alle,196,0.0,0.037,0.118,0.199,0.272
2012,indvandrere,Handel,100-249,Alle,Alle,412,0.0,0.037,0.118,0.199,0.272
2012,indvandrere,Handel,100-249,Offentlig,Alle,27,0.0,0.012,0.092,0.173,0.246
2012,indvandrere,Handel,100-249,Privat,Alle,57,0.0,0.02,0.101,0.182,0.255
2012,indvandrere,Handel,250-499,Alle,Alle,166,0.0,0.036,0.117,0.198,0.271
2012,indvandrere,Handel,250-499,Offentlig,Alle,56,0.0,0.013,0.094,0.174,0.247
2012,indvandrere,Handel,250-499,Privat,Alle,19,0.0,0.007,0.088,0.169,0.242
2012,indvandrere,Handel,50-99,Alle,Alle,345,0.0,0.003,0.084,0.165,0.238
2012,indvandrere,Handel,50-99,Offentlig,Alle,18,0.0,0.027,0.108,0.189,0.262
2012,indvandrere,Handel,50-99,Privat,Alle,83,0.0,0.018,0.099,0.179,0.252
2012,indvandrere,Handel,500+,Alle,Alle,424,0.0,0.053,0.134,0.215,0.288
2012,indvandrere,Handel,500+,Privat,Alle,88,0.0,0.045,0.126,0.207,0.28
2012,indvandrere,Handel,Alle,Alle,Alle,1236,0.0,0.008,0.088,0.169,0.242
2012,indvandrere,Handel,Alle,Offentlig,Alle,1721,0.0,0.0,0.078,0.159,0.232
2012,indvandrere,Handel,Alle,Privat,Alle,433,0.0,0.019,0.1,0.181,0.254
2012,indvandrere,Industri,100-249,Alle,Alle,749,0.0,0.056,0.137,0.218,0.291
2012,indvandrere,Industri,100-249,Offentlig,Alle,61,0.0,0.05,0.131,0.211,0.284
2012,indvandrere,Industri,100-249,Privat,Alle,51,0.002,0.075,0.156,0.237,0.31
2012,indvandrere,Industri,250-499,Alle,Alle,158,0.0,0.048,0.128,0.209,0.282
2012,indvandrere,Industri,250-499,Offentlig,Alle,29,0.0,0.036,0.117,0.198,0.271
2012,indvandrere,Industri,250-499,Privat,Alle,59,0.0,0.057,0.138,0.219,0.292
2012,indvandrere,Industri,50-99,Alle,Alle,1958,0.0,0.065,0.146,0.227,0.3
2012,indvandrere,Industri,50-99,Privat,Alle,32,0.004,0.076,0.157,0.238,0.311
2012,indvandrere,Industri,500+,Alle,Alle,2039,0.016,0.088,0.169,0.25,0.323
2012,indvandrere,Industri,Alle,Alle,Alle,107,0.0,0.008,0.089,0.17,0.243
2012,indvandrere,Industri,Alle,Offentlig,Alle,1249,0.0,0.039,0.119,0.2,0.273
2012,indvandrere,Industri,Alle,Privat,Alle,2281,0.0,0.052,0.133,0.214,0.287
2012,indvandrere,Information og kommunikation,100-249,Alle,Alle,819,0.0,0.064,0.145,0.226,0.299
2012,indvandrere,Information og kommunikation,250-499,Alle,Alle,141,0.0,0.042,0.123,0.204,0.277
2012,indvandrere,Information og kommunikation,250-499,Offentlig,Alle,84,0.0,0.029,0.11,0.191,0.264
2012,indvandrere,Information og kommunikation,250-499,Privat,Alle,71,0.0,0.027,0.107,0.188,0.261
2012,indvandrere,Information og kommunikation,50-99,Alle,Alle,1033,0.0,0.011,0.092,0.173,0.246
2012,indvandrere,Information og kommunikation,50-99,Offentlig,Alle,15,0.0,0.039,0.12,0.201,0.274
2012,indvandrere,Information og kommunikation,50-99,Privat,Alle,81,0.0,0.03,0.111,0.191,0.264
2012,indvandrere,Information og kommunikation,500+,Alle,Alle,819,0.0,0.056,0.137,0.218,0.291
2012,indvandrere,Information og kommunikation,Alle,Alle,Alle,1609,0.0,0.043,0.124,0.205,0.278
2012,indvandrere,Information og kommunikation,Alle,Offentlig,Alle,1712,0.0,0.036,0.117,0.198,0.271
2012,indvandrere,Information og kommunikation,Alle,Privat,Alle,277,0.0,0.04,0.121,0.202,0.275
2012,indvandrere,Offentlig administration,100-249,Alle,Alle,727,0.0,0.0,0.02,0.101,0.174
2012,indvandrere,Offentlig administration,100-249,Offentlig,Alle,87,0.0,0.0,0.019,0.1,0.173
2012,indvandrere,Offentlig administration,100-249,Privat,Alle,23,0.0,0.0,0.024,0.104,0.177
2012,indvandrere,Offentlig administration,250-499,Alle,Alle,211,0.0,0.0,0.028,0.109,0.182
2012,indvandrere,Offentlig administration,250-499,Offentlig,Alle,17,0.0,0.0,0.012,0.093,0.165
2012,indvandrere,Offentlig administration,250-499,Privat,Alle,42,0.0,0.0,0.066,0.147,0.22
2012,indvandrere,Offentlig administration,50-99,Alle,Alle,808,0.0,0.0,0.047,0.128,0.201
2012,indvandrere,Offentlig administration,50-99,Offentlig,Alle,58,0.0,0.0,0.036,0.117,0.189
2012,indvandrere,Offentlig administration,50-99,Privat,Alle,80,0.0,0.0,0.073,0.154,0.227
2012,indvandrere,Offentlig administration,500+,Alle,Alle,1860,0.0,0.0,0.036,0.117,0.19
2012,indvandrere,Offentlig administration,Alle,Alle,Alle,2070,0.0,0.0,0.045,0.126,0.199
2012,indvandrere,Offentlig administration,Alle,Offentlig,Alle,1917,0.0,0.0,0.01,0.091,0.164
2012,indvandrere,Offentlig administration,Alle,Privat,Alle,943,0.0,0.0,0.051,0.132,0.205
2012,indvandrere,Sundhed og socialvæsen,100-249,Alle,Alle,996,0.0,0.035,0.116,0.197,0.27
2012,indvandrere,Sundhed og socialvæsen,100-249,Offentlig,Alle,61,0.0,0.001,0.082,0.163,0.236
2012,indvandrere,Sundhed og socialvæsen,250-499,Alle,Alle,2414,0.0,0.005,0.086,0.167,0.24
2012,indvandrere,Sundhed og socialvæsen,250-499,Offentlig,Alle,56,0.0,0.006,0.086,0.167,0.24
2012,indvandrere,Sundhed og socialvæsen,50-99,Alle,Alle,2454,0.0,0.0,0.066,0.147,0.219
2012,indvandrere,Sundhed og socialvæsen,50-99,Offentlig,Alle,69,0.0,0.0,0.069,0.15,0.223
2012,indvandrere,Sundhed og socialvæsen,50-99,Privat,Alle,75,0.0,0.0,0.076,0.157,0.229
2012,indvandrere,Sundhed og socialvæsen,500+,Alle,Alle,1230,0.0,0.004,0.085,0.166,0.239
2012,indvandrere,Sundhed og socialvæsen,500+,Offentlig,Alle,64,0.0,0.0,0.078,0.159,0.232
2012,indvandrere,Sundhed og socialvæsen,Alle,Alle,Alle,306,0.0,0.003,0.084,0.165,0.238
2012,indvandrere,Sundhed og socialvæsen,Alle,Offentlig,Alle,323,0.0,0.0,0.081,0.161,0.234
2012,indvandrere,Sundhed og socialvæsen,Alle,Privat,Alle,730,0.0,0.011,0.092,0.173,0.246
2012,indvandrere,Transport,100-249,Alle,Alle,231,0.047,0.12,0.201,0.282,0.355
2012,indvandrere,Transport,100-249,Offentlig,Alle,44,0.009,0.082,0.163,0.244,0.317
2012,indvandrere,Transport,100-249,Privat,Alle,42,0.051,0.124,0.204,0.285,0.358
2012,indvandrere,Transport,250-499,Alle,Alle,881,0.034,0.107,0.188,0.269,0.342
2012,indvandrere,Transport,250-499,Offentlig,Alle,52,0.002,0.075,0.156,0.237,0.31
2012,indvandrere,Transport,250-499,Privat,Alle,68,0.033,0.106,0.187,0.268,0.341
2012,indvandrere,Transport,50-99,Alle,Alle,1519,0.021,0.094,0.175,0.256,0.329
2012,indvandrere,Transport,50-99,Offentlig,Alle,43,0.056,0.129,0.209,0.29,0.363
2012,indvandrere,Transport,500+,Alle,Alle,2121,0.028,0.101,0.182,0.263,0.336
2012,indvandrere,Transport,500+,Offentlig,Alle,25,0.018,0.091,0.172,0.253,0.326
2012,indvandrere,Transport,Alle,Alle,Alle,2376,0.035,0.108,0.189,0.27,0.343
2012,indvandrere,Transport,Alle,Offentlig,Alle,1556,0.014,0.087,0.168,0.248,0.321
2012,indvandrere,Transport,Alle,Privat,Alle,1866,0.031,0.104,0.185,0.266,0.339
2012,indvandrere,Undervisning,100-249,Alle,Alle,1276,0.0,0.0,0.033,0.114,0.187
2012,indvandrere,Undervisning,100-249,Offentlig,Alle,58,0.0,0.0,0.037,0.118,0.191
2012,indvandrere,Undervisning,100-249,Privat,Alle,74,0.0,0.0,0.051,0.132,0.204
2012,indvandrere,Undervisning,250-499,Alle,Alle,1538,0.0,0.0,0.037,0.118,0.191
2012,indvandrere,Undervisning,250-499,Offentlig,Alle,40,0.0,0.0,0.011,0.092,0.165
2012,indvandrere,Undervisning,250-499,Privat,Alle,18,0.0,0.0,0.037,0.118,0.191
2012,indvandrere,Undervisning,50-99,Alle,Alle,1182,0.0,0.0,0.032,0.113,0.186
2012,indvandrere,Undervisning,50-99,Offentlig,Alle,45,0.0,0.0,0.038,0.119,0.192
2012,indvandrere,Undervisning,50-99,Privat,Alle,82,0.0,0.0,0.077,0.158,0.231
2012,indvandrere,Undervisning,500+,Alle,Alle,2464,0.0,0.0,0.079,0.16,0.233
2012,indvandrere,Undervisning,500+,Privat,Alle,81,0.0,0.0,0.045,0.126,0.199
2012,indvandrere,Undervisning,Alle,Alle,Alle,319,0.0,0.0,0.055,0.136,0.208
2012,indvandrere,Undervisning,Alle,Offentlig,Alle,1171,0.0,0.0,0.045,0.126,0.199
2012,indvandrere,Undervisning,Alle,Privat,Alle,909,0.0,0.0,0.075,0.156,0.229
2012,kvinder,Alle,Alle,Alle,Alle,2228,0.259,0.331,0.412,0.493,0.566
2012,kvinder,Alle,Alle,Alle,Hovedstaden,539,0.264,0.337,0.418,0.499,0.572
2012,kvinder,Alle,Alle,Alle,Midtjylland,386,0.246,0.319,0.4,0.48,0.553
2012,kvinder,Alle,Alle,Alle,Nordjylland,1383,0.253,0.326,0.407,0.488,0.561
2012,kvinder,Alle,Alle,Alle,Sjælland,1900,0.251,0.324,0.405,0.486,0.559
2012,kvinder,Alle,Alle,Alle,Syddanmark,535,0.263,0.336,0.416,0.497,0.57
2012,kvinder,Bygge og anlæg,100-249,Alle,Alle,1362,0.0,0.024,0.105,0.186,0.259
2012,kvinder,Bygge og anlæg,250-499,Alle,Alle,2598,0.0,0.0,0.058,0.138,0.211
2012,kvinder,Bygge og anlæg,50-99,Alle,Alle,980,0.0,0.015,0.096,0.176,0.249
2012,kvinder,Bygge og anlæg,50-99,Offentlig,Alle,36,0.035,0.108,0.189,0.27,0.343
2012,kvinder,Bygge og anlæg,50-99,Privat,Alle,62,0.0,0.0,0.028,0.108,0.181
2012,kvinder,Bygge og anlæg,500+,Alle,Alle,1847,0.0,0.007,0.087,0.168,0.241
2012,kvinder,Bygge og anlæg,500+,Offentlig,Alle,67,0.016,0.089,0.17,0.251,0.324
2012,kvinder,Bygge og anlæg,500+,Privat,Alle,38,0.0,0.0,0.039,0.12,0.193
2012,kvinder,Bygge og anlæg,Alle,Alle,Alle,671,0.0,0.0,0.067,0.148,0.221
2012,kvinder,Bygge og anlæg,Alle,Offentlig,Alle,679,0.028,0.101,0.182,0.263,0.336
2012,kvinder,Bygge og anlæg,Alle,Privat,Alle,196,0.0,0.0,0.035,0.116,0.189
2012,kvinder,Handel,100-249,Alle,Alle,412,0.27,0.343,0.423,0.504,0.577
2012,kvinder,Handel,100-249,Offentlig,Alle,27,0.354,0.427,0.508,0.589,0.662
2012,kvinder,Handel,100-249,Privat,Alle,57,0.255,0.328,0.409,0.49,0.563
2012,kvinder,Handel,250-499,Alle,Alle,166,0.311,0.384,0.465,0.546,0.619
2012,kvinder,Handel,250-499,Offentlig,Alle,56,0.382,0.455,0.536,0.617,0.69
2012,kvinder,Handel,250-499,Privat,Alle,19,0.231,0.304,0.385,0.465,0.538
2012,kvinder,Handel,50-99,Alle,Alle,345,0.234,0.307,0.388,0.469,0.542
2012,kvinder,Handel,50-99,Offentlig,Alle,18,0.347,0.42,0.501,0.582,0.655
2012,kvinder,Handel,50-99,Privat,Alle,83,0.211,0.284,0.365,0.445,0.518
2012,kvinder,Handel,500+,Alle,Alle,424,0.265,0.338,0.419,0.499,0.572
2012,kvinder,Handel,500+,Privat,Alle,88,0.227,0.3,0.381,0.462,0.535
2012,kvinder,Handel,Alle,Alle,Alle,1236,0.255,0.328,0.409,0.49,0.563
2012,kvinder,Handel,Alle,Offentlig,Alle,1721,0.373,0.446,0.527,0.608,0.681
2012,kvinder,Handel,Alle,Privat,Alle,433,0.224,0.297,0.378,0.459,0.532
2012,kvinder,Industri,100-249,Alle,Alle,749,0.105,0.178,0.259,0.34,0.413
2012,kvinder,Industri,100-249,Offentlig,Alle,61,0.193,0.266,0.347,0.427,0.5
2012,kvinder,Industri,100-249,Privat,Alle,51,0.025,0.098,0.179,0.26,0.333
2012,kvinder,Industri,250-499,Alle,Alle,158,0.092,0.165,0.246,0.327,0.4
2012,kvinder,Industri,250-499,Offentlig,Alle,29,0.182,0.255,0.336,0.417,0.49
2012,kvinder,Industri,250-499,Privat,Alle,59,0.03,0.103,0.184,0.265,0.338
2012,kvinder,Industri,50-99,Alle,Alle,1958,0.079,0.152,0.233,0.314,0.387
2012,kvinder,Industri,50-99,Privat,Alle,32,0.047,0.12,0.201,0.282,0.355
2012,kvinder,Industri,500+,Alle,Alle,2039,0.098,0.171,0.252,0.333,0.406
2012,kvinder,Industri,Alle,Alle,Alle,107,0.112,0.185,0.266,0.347,0.42
2012,kvinder,Industri,Alle,Offentlig,Alle,1249,0.2,0.272,0.353,0.434,0.507
2012,kvinder,Industri,Alle,Privat,Alle,2281,0.045,0.118,0.199,0.28,0.353
2012,kvinder,Information og kommunikation,100-249,Alle,Alle,819,0.143,0.216,0.297,0.378,0.451
2012,kvinder,Information og kommunikation,250-499,Alle,Alle,141,0.159,0.231,0.312,0.393,0.466
2012,kvinder,Information og kommunikation,250-499,Offentlig,Alle,84,0.231,0.304,0.385,0.466,0.539
2012,kvinder,Information og kommunikation,250-499,Privat,Alle,71,0.075,0.148,0.229,0.31,0.383
2012,kvinder,Information og kommunikation,50-99,Alle,Alle,1033,0.154,0.227,0.308,0.389,0.462
2012,kvinder,Information og kommunikation,50-99,Offentlig,Alle,15,0.243,0.316,0.397,0.478,0.551
2012,kvinder,Information og kommunikation,50-99,Privat,Alle,81,0.116,0.189,0.27,0.351,0.424
2012,kvinder,Information og kommunikation,500+,Alle,Alle,819,0.162,0.235,0.316,0.397,0.47
2012,kvinder,Information og kommunikation,Alle,Alle,Alle,1609,0.148,0.221,0.302,0.382,0.455
2012,kvinder,Information og kommunikation,Alle,Offentlig,Alle,1712,0.209,0.282,0.363,0.443,0.516
2012,kvinder,Information og kommunikation,Alle,Privat,Alle,277,0.1,0.173,0.254,0.335,0.408
2012,kvinder,Offentlig administration,100-249,Alle,Alle,727,0.405,0.478,0.559,0.64,0.713
2012,kvinder,Offentlig administration,100-249,Offentlig,Alle,87,0.482,0.555,0.636,0.717,0.79
2012,kvinder,Offentlig administration,100-249,Privat,Alle,23,0.332,0.405,0.486,0.567,0.64
2012,kvinder,Offentlig administration,250-499,Alle,Alle,211,0.39,0.463,0.543,0.624,0.697
2012,kvinder,Offentlig administration,250-499,Offentlig,Alle,17,0.505,0.578,0.659,0.739,0.812
2012,kvinder,Offentlig administration,250-499,Privat,Alle,42,0.348,0.421,0.501,0.582,0.655
2012,kvinder,Offentlig administration,50-99,Alle,Alle,808,0.396,0.469,0.55,0.631,0.704
2012,kvinder,Offentlig administration,50-99,Offentlig,Alle,58,0.506,0.579,0.66,0.741,0.814
2012,kvinder,Offentlig administration,50-99,Privat,Alle,80,0.353,0.426,0.506,0.587,0.66
2012,kvinder,Offentlig administration,500+,Alle,Alle,1860,0.367,0.44,0.521,0.602,0.675
2012,kvinder,Offentlig administration,Alle,Alle,Alle,2070,0.382,0.455,0.536,0.617,0.69
2012,kvinder,Offentlig administration,Alle,Offentlig,Alle,1917,0.483,0.556,0.636,0.717,0.79
2012,kvinder,Offentlig administration,Alle,Privat,Alle,943,0.346,0.419,0.5,0.581,0.654
2012,kvinder,Sundhed og socialvæsen,100-249,Alle,Alle,996,0.635,0.708,0.789,0.87,0.943
2012,kvinder,Sundhed og socialvæsen,100-249,Offentlig,Alle,61,0.711,0.784,0.864,0.945,1.0
2012,kvinder,Sundhed og socialvæsen,250-499,Alle,Alle,2414,0.587,0.66,0.741,0.822,0.895
2012,kvinder,Sundhed og socialvæsen,250-499,Offentlig,Alle,56,0.736,0.809,0.89,0.971,1.0
2012,kvinder,Sundhed og socialvæsen,50-99,Alle,Alle,2454,0.631,0.704,0.785,0.866,0.939
2012,kvinder,Sundhed og socialvæsen,50-99,Offentlig,Alle,69,0.713,0.786,0.867,0.948,1.0
2012,kvinder,Sundhed og socialvæsen,50-99,Privat,Alle,75,0.545,0.618,0.699,0.78,0.853
2012,kvinder,Sundhed og socialvæsen,500+,Alle,Alle,1230,0.638,0.711,0.792,0.873,0.946
2012,kvinder,Sundhed og socialvæsen,500+,Offentlig,Alle,64,0.722,0.795,0.876,0.957,1.0
2012,kvinder,Sundhed og socialvæsen,Alle,Alle,Alle,306,0.618,0.691,0.772,0.853,0.926
2012,kvinder,Sundhed og socialvæsen,Alle,Offentlig,Alle,323,0.712,0.785,0.866,0.947,1.0
2012,kvinder,Sundhed og socialvæsen,Alle,Privat,Alle,730,0.551,0.624,0.705,0.786,0.859
2012,kvinder,Transport,100-249,Alle,Alle,231,0.062,0.135,0.216,0.297,0.37
2012,kvinder,Transport,100-249,Offentlig,Alle,44,0.152,0.225,0.306,0.387,0.46
2012,kvinder,Transport,100-249,Privat,Alle,42,0.0,0.058,0.139,0.22,0.293
2012,kvinder,Transport,250-499,Alle,Alle,881,0.047,0.12,0.201,0.282,0.355
2012,kvinder,Transport,250-499,Offentlig,Alle,52,0.152,0.225,0.306,0.387,0.46
2012,kvinder,Transport,250-499,Privat,Alle,68,0.0,0.072,0.153,0.234,0.307
2012,kvinder,Transport,50-99,Alle,Alle,1519,0.047,0.12,0.201,0.282,0.355
2012,kvinder,Transport,50-99,Offentlig,Alle,43,0.149,0.222,0.303,0.384,0.457
2012,kvinder,Transport,500+,Alle,Alle,2121,0.058,0.131,0.212,0.292,0.365
2012,kvinder,Transport,500+,Offentlig,Alle,25,0.175,0.248,0.329,0.41,0.483
2012,kvinder,Transport,Alle,Alle,Alle,2376,0.083,0.156,0.237,0.318,0.391
2012,kvinder,Transport,Alle,Offentlig,Alle,1556,0.187,0.26,0.34,0.421,0.494
2012,kvinder,Transport,Alle,Privat,Alle,1866,0.002,0.075,0.156,0.237,0.31
2012,kvinder,Undervisning,100-249,Alle,Alle,1276,0.512,0.585,0.666,0.747,0.82
2012,kvinder,Undervisning,100-249,Offentlig,Alle,58,0.638,0.711,0.792,0.873,0.946
2012,kvinder,Undervisning,100-249,Privat,Alle,74,0.435,0.507,0.588,0.669,0.742
2012,kvinder,Undervisning,250-499,Alle,Alle,1538,0.505,0.578,0.659,0.74,0.813
2012,kvinder,Undervisning,250-499,Offentlig,Alle,40,0.577,0.65,0.73,0.811,0.884
2012,kvinder,Undervisning,250-499,Privat,Alle,18,0.432,0.505,0.586,0.667,0.74
2012,kvinder,Undervisning,50-99,Alle,Alle,1182,0.514,0.587,0.668,0.748,0.821
2012,kvinder,Undervisning,50-99,Offentlig,Alle,45,0.584,0.657,0.738,0.819,0.892
2012,kvinder,Undervisning,50-99,Privat,Alle,82,0.432,0.505,0.586,0.666,0.739
2012,kvinder,Undervisning,500+,Alle,Alle,2464,0.475,0.548,0.629,0.71,0.783
2012,kvinder,Undervisning,500+,Privat,Alle,81,0.448,0.521,0.602,0.683,0.756
2012,kvinder,Undervisning,Alle,Alle,Alle,319,0.498,0.571,0.652,0.732,0.805
2012,kvinder,Undervisning,Alle,Offentlig,Alle,1171,0.619,0.691,0.772,0.853,0.926
2012,kvinder,Undervisning,Alle,Privat,Alle,909,0.444,0.517,0.598,0.679,0.751
2012,seniorer,Alle,Alle,Alle,Alle,2228,0.009,0.082,0.163,0.244,0.317
2012,seniorer,Alle,Alle,Alle,Hovedstaden,539,0.033,0.106,0.187,0.268,0.341
2012,seniorer,Alle,Alle,Alle,Midtjylland,386,0.031,0.104,0.185,0.266,0.339
2012,seniorer,Alle,Alle,Alle,Nordjylland,1383,0.017,0.09,0.171,0.252,0.324
2012,seniorer,Alle,Alle,Alle,Sjælland,1900,0.034,0.107,0.188,0.269,0.342
2012,seniorer,Alle,Alle,Alle,Syddanmark,535,0.036,0.109,0.19,0.271,0.344
2012,seniorer,Bygge og anlæg,100-249,Alle,Alle,1362,0.023,0.096,0.177,0.258,0.331
2012,seniorer,Bygge og anlæg,250-499,Alle,Alle,2598,0.021,0.094,0.175,0.256,0.329
2012,seniorer,Bygge og anlæg,50-99,Alle,Alle,980,0.01,0.083,0.164,0.245,0.318
2012,seniorer,Bygge og anlæg,50-99,Offentlig,Alle,36,0.04,0.113,0.193,0.274,0.347
2012,seniorer,Bygge og anlæg,50-99,Privat,Alle,62,0.0,0.047,0.128,0.208,0.281
2012,seniorer,Bygge og anlæg,500+,Alle,Alle,1847,0.012,0.085,0.165,0.246,0.319
2012,seniorer,Bygge og anlæg,500+,Offentlig,Alle,67,0.048,0.121,0.202,0.283,0.356
2012,seniorer,Bygge og anlæg,500+,Privat,Alle,38,0.0,0.049,0.13,0.21,0.283
2012,seniorer,Bygge og anlæg,Alle,Alle,Alle,671,0.021,0.094,0.175,0.256,0.329
2012,seniorer,Bygge og anlæg,Alle,Offentlig,Alle,679,0.073,0.146,0.227,0.308,0.381
2012,seniorer,Bygge og anlæg,Alle,Privat,Alle,196,0.0,0.047,0.128,0.209,0.282
2012,seniorer,Handel,100-249,Alle,Alle,412,0.0,0.021,0.102,0.183,0.256
2012,seniorer,Handel,100-249,Offentlig,Alle,27,0.0,0.03,0.111,0.192,0.265
2012,seniorer,Handel,100-249,Privat,Alle,57,0.0,0.028,0.109,0.19,0.263
2012,seniorer,Handel,250-499,Alle,Alle,166,0.0,0.02,0.101,0.182,0.255
2012,seniorer,Handel,250-499,Offentlig,Alle,56,0.0,0.069,0.15,0.231,0.304
2012,seniorer,Handel,250-499,Privat,Alle,19,0.0,0.001,0.082,0.163,0.236
2012,seniorer,Handel,50-99,Alle,Alle,345,0.0,0.057,0.138,0.219,0.292
2012,seniorer,Handel,50-99,Offentlig,Alle,18,0.014,0.087,0.168,0.249,0.322
2012,seniorer,Handel,50-99,Privat,Alle,83,0.0,0.017,0.098,0.179,0.252
2012,seniorer,Handel,500+,Alle,Alle,424,0.0,0.035,0.116,0.197,0.269
2012,seniorer,Handel,500+,Privat,Alle,88,0.0,0.003,0.084,0.165,0.238
2012,seniorer,Handel,Alle,Alle,Alle,1236,0.0,0.004,0.084,0.165,0.238
2012,seniorer,Handel,Alle,Offentlig,Alle,1721,0.0,0.042,0.123,0.204,0.277
2012,seniorer,Handel,Alle,Privat,Alle,433,0.0,0.041,0.122,0.203,0.276
2012,seniorer,Industri,100-249,Alle,Alle,749,0.055,0.128,0.209,0.29,0.363
2012,seniorer,Industri,100-249,Offentlig,Alle,61,0.064,0.137,0.218,0.299,0.372
2012,seniorer,Industri,100-249,Privat,Alle,51,0.022,0.095,0.176,0.257,0.33
2012,seniorer,Industri,250-499,Alle,Alle,158,0.018,0.091,0.172,0.253,0.326
2012,seniorer,Industri,250-499,Offentlig,Alle,29,0.063,0.136,0.217,0.297,0.37
2012,seniorer,Industri,250-499,Privat,Alle,59,0.01,0.083,0.164,0.245,0.318
2012,seniorer,Industri,50-99,Alle,Alle,1958,0.047,0.12,0.201,0.281,0.354
2012,seniorer,Industri,50-99,Privat,Alle,32,0.022,0.095,0.176,0.256,0.329
2012,seniorer,Industri,500+,Alle,Alle,2039,0.038,0.111,0.192,0.273,0.346
2012,seniorer,Industri,Alle,Alle,Alle,107,0.038,0.111,0.192,0.273,0.346
2012,seniorer,Industri,Alle,Offentlig,Alle,1249,0.073,0.146,0.227,0.308,0.381
2012,seniorer,Industri,Alle,Privat,Alle,2281,0.024,0.097,0.178,0.259,0.332
2012,seniorer,Information og kommunikation,100-249,Alle,Alle,819,0.0,0.043,0.124,0.204,0.277
2012,seniorer,Information og kommunikation,250-499,Alle,Alle,141,0.0,0.054,0.135,0.216,0.289
2012,seniorer,Information og kommunikation,250-499,Offentlig,Alle,84,0.023,0.096,0.177,0.258,0.331
2012,seniorer,Information og kommunikation,250-499,Privat,Alle,71,0.0,0.026,0.106,0.187,0.26
2012,seniorer,Information og kommunikation,50-99,Alle,Alle,1033,0.0,0.03,0.111,0.192,0.265
2012,seniorer,Information og kommunikation,50-99,Offentlig,Alle,15,0.011,0.084,0.165,0.245,0.318
2012,seniorer,Information og kommunikation,50-99,Privat,Alle,81,0.0,0.012,0.093,0.174,0.247
2012,seniorer,Information og kommunikation,500+,Alle,Alle,819,0.016,0.089,0.169,0.25,0.323
2012,seniorer,Information og kommunikation,Alle,Alle,Alle,1609,0.0,0.053,0.133,0.214,0.287
2012,seniorer,Information og kommunikation,Alle,Offentlig,Alle,1712,0.0,0.049,0.13,0.211,0.284
2012,seniorer,Information og kommunikation,Alle,Privat,Alle,277,0.0,0.036,0.117,0.198,0.271
2012,seniorer,Offentlig administration,100-249,Alle,Alle,727,0.115,0.188,0.269,0.349,0.422
2012,seniorer,Offentlig administration,100-249,Offentlig,Alle,87,0.13,0.203,0.284,0.365,0.438
2012,seniorer,Offentlig administration,100-249,Privat,Alle,23,0.099,0.172,0.253,0.333,0.406
2012,seniorer,Offentlig administration,250-499,Alle,Alle,211,0.099,0.172,0.252,0.333,0.406
2012,seniorer,Offentlig administration,250-499,Offentlig,Alle,17,0.141,0.214,0.295,0.376,0.449
2012,seniorer,Offentlig administration,250-499,Privat,Alle,42,0.105,0.177,0.258,0.339,0.412
2012,seniorer,Offentlig administration,50-99,Alle,Alle,808,0.108,0.181,0.262,0.342,0.415
2012,seniorer,Offentlig administration,50-99,Offentlig,Alle,58,0.125,0.198,0.279,0.36,0.433
2012,seniorer,Offentlig administration,50-99,Privat,Alle,80,0.105,0.178,0.259,0.339,0.412
2012,seniorer,Offentlig administration,500+,Alle,Alle,1860,0.111,0.184,0.265,0.346,0.419
2012,seniorer,Offentlig administration,Alle,Alle,Alle,2070,0.104,0.177,0.258,0.339,0.412
2012,seniorer,Offentlig administration,Alle,Offentlig,Alle,1917,0.131,0.204,0.285,0.366,0.439
2012,seniorer,Offentlig administration,Alle,Privat,Alle,943,0.098,0.171,0.252,0.333,0.406
2012,seniorer,Sundhed og socialvæsen,100-249,Alle,Alle,996,0.046,0.119,0.2,0.281,0.353
2012,seniorer,Sundhed og socialvæsen,100-249,Offentlig,Alle,61,0.089,0.162,0.243,0.324,0.397
2012,seniorer,Sundhed og socialvæsen,250-499,Alle,Alle,2414,0.053,0.126,0.207,0.288,0.361
2012,seniorer,Sundhed og socialvæsen,250-499,Offentlig,Alle,56,0.065,0.138,0.218,0.299,0.372
2012,seniorer,Sundhed og socialvæsen,50-99,Alle,Alle,2454,0.06,0.133,0.214,0.295,0.368
2012,seniorer,Sundhed og socialvæsen,50-99,Offentlig,Alle,69,0.112,0.185,0.265,0.346,0.419
2012,seniorer,Sundhed og socialvæsen,50-99,Privat,Alle,75,0.015,0.088,0.169,0.25,0.323
2012,seniorer,Sundhed og socialvæsen,500+,Alle,Alle,1230,0.044,0.117,0.198,0.279,0.352
2012,seniorer,Sundhed og socialvæsen,500+,Offentlig,Alle,64,0.102,0.175,0.256,0.337,0.41
2012,seniorer,Sundhed og socialvæsen,Alle,Alle,Alle,306,0.074,0.147,0.228,0.309,0.382
2012,seniorer,Sundhed og socialvæsen,Alle,Offentlig,Alle,323,0.088,0.161,0.242,0.323,0.396
2012,seniorer,Sundhed og socialvæsen,Alle,Privat,Alle,730,0.028,0.101,0.182,0.263,0.336
2012,seniorer,Transport,100-249,Alle,Alle,231,0.056,0.129,0.209,0.29,0.363
2012,seniorer,Transport,100-249,Offentlig,Alle,44,0.126,0.199,0.28,0.361,0.434
2012,seniorer,Transport,100-249,Privat,Alle,42,0.047,0.12,0.201,0.282,0.355
2012,seniorer,Transport,250-499,Alle,Alle,881,0.07,0.143,0.224,0.305,0.378
2012,seniorer,Transport,250-499,Offentlig,Alle,52,0.114,0.187,0.268,0.349,0.422
2012,seniorer,Transport,250-499,Privat,Alle,68,0.056,0.128,0.209,0.29,0.363
2012,seniorer,Transport,50-99,Alle,Alle,1519,0.079,0.152,0.232,0.313,0.386
2012,seniorer,Transport,50-99,Offentlig,Alle,43,0.105,0.178,0.259,0.34,0.413
2012,seniorer,Transport,500+,Alle,Alle,2121,0.055,0.128,0.209,0.29,0.363
2012,seniorer,Transport,500+,Offentlig,Alle,25,0.093,0.166,0.247,0.328,0.401
2012,seniorer,Transport,Alle,Alle,Alle,2376,0.072,0.145,0.226,0.306,0.379
2012,seniorer,Transport,Alle,Offentlig,Alle,1556,0.116,0.189,0.27,0.351,0.424
2012,seniorer,Transport,Alle,Privat,Alle,1866,0.058,0.131,0.212,0.293,0.366
2012,seniorer,Undervisning,100-249,Alle,Alle,1276,0.114,0.187,0.268,0.349,0.422
2012,seniorer,Undervisning,100-249,Offentlig,Alle,58,0.135,0.208,0.289,0.37,0.443
2012,seniorer,Undervisning,100-249,Privat,Alle,74,0.061,0.134,0.215,0.296,0.369
2012,seniorer,Undervisning,250-499,Alle,Alle,1538,0.1,0.173,0.254,0.335,0.408
2012,seniorer,Undervisning,250-499,Offentlig,Alle,40,0.09,0.163,0.244,0.324,0.397
2012,seniorer,Undervisning,250-499,Privat,Alle,18,0.065,0.138,0.219,0.3,0.373
2012,seniorer,Undervisning,50-99,Alle,Alle,1182,0.098,0.171,0.252,0.333,0.406
2012,seniorer,Undervisning,50-99,Offentlig,Alle,45,0.119,0.192,0.273,0.353,0.426
2012,seniorer,Undervisning,50-99,Privat,Alle,82,0.049,0.122,0.203,0.283,0.356
2012,seniorer,Undervisning,500+,Alle,Alle,2464,0.071,0.144,0.225,0.305,0.378
2012,seniorer,Undervisning,500+,Privat,Alle,81,0.059,0.132,0.213,0.294,0.367
2012,seniorer,Undervisning,Alle,Alle,Alle,319,0.079,0.152,0.233,0.314,0.387
2012,seniorer,Undervisning,Alle,Offentlig,Alle,1171,0.1,0.173,0.254,0.335,0.408
2012,seniorer,Undervisning,Alle,Privat,Alle,909,0.044,0.117,0.197,0.278,0.351
2022,indvandrere,Alle,Alle,Alle,Alle,913,0.0,0.052,0.133,0.214,0.287
2022,indvandrere,Alle,Alle,Alle,Hovedstaden,1750,0.005,0.078,0.159,0.239,0.312
2022,indvandrere,Alle,Alle,Alle,Midtjylland,659,0.0,0.043,0.124,0.204,0.277
2022,indvandrere,Alle,Alle,Alle,Nordjylland,1806,0.0,0.015,0.096,0.177,0.25
2022,indvandrere,Alle,Alle,Alle,Sjælland,1873,0.0,0.037,0.118,0.199,0.272
2022,indvandrere,Alle,Alle,Alle,Syddanmark,2204,0.0,0.041,0.122,0.203,0.276
2022,indvandrere,Bygge og anlæg,100-249,Alle,Alle,1780,0.02,0.092,0.173,0.254,0.327
2022,indvandrere,Bygge og anlæg,100-249,Privat,Alle,34,0.0,0.066,0.147,0.228,0.301
2022,indvandrere,Bygge og anlæg,250-499,Alle,Alle,862,0.003,0.076,0.157,0.238,0.311
2022,indvandrere,Bygge og anlæg,250-499,Offentlig,Alle,53,0.0,0.039,0.12,0.201,0.274
2022,indvandrere,Bygge og anlæg,250-499,Privat,Alle,48,0.003,0.076,0.157,0.237,0.31
2022,indvandrere,Bygge og anlæg,50-99,Alle,Alle,2453,0.013,0.086,0.167,0.248,0.321
2022,indvandrere,Bygge og anlæg,50-99,Offentlig,Alle,70,0.0,0.043,0.123,0.204,0.277
2022,indvandrere,Bygge og anlæg,50-99,Privat,Alle,53,0.017,0.09,0.171,0.252,0.325
2022,indvandrere,Bygge og anlæg,500+,Alle,Alle,2199,0.0,0.07,0.151,0.232,0.305
2022,indvandrere,Bygge og anlæg,500+,Offentlig,Alle,59,0.0,0.061,0.142,0.222,0.295
2022,indvandrere,Bygge og anlæg,500+,Privat,Alle,53,0.0,0.064,0.144,0.225,0.298
2022,indvandrere,Bygge og anlæg,Alle,Alle,Alle,347,0.013,0.086,0.167,0.248,0.321
2022,indvandrere,Bygge og anlæg,Alle,Offentlig,Alle,1358,0.0,0.057,0.138,0.218,0.291
2022,indvandrere,Bygge og anlæg,Alle,Privat,Alle,342,0.0,0.064,0.145,0.226,0.299
2022,indvandrere,Handel,100-249,Alle,Alle,1805,0.0,0.031,0.112,0.193,0.265
2022,indvandrere,Handel,100-249,Offentlig,Alle,65,0.0,0.023,0.103,0.184,0.257
2022,indvandrere,Handel,100-249,Privat,Alle,75,0.0,0.07,0.151,0.232,0.305
2022,indvandrere,Handel,250-499,Alle,Alle,2072,0.0,0.049,0.13,0.211,0.284
2022,indvandrere,Handel,250-499,Offentlig,Alle,40,0.0,0.009,0.09,0.171,0.244
2022,indvandrere,Handel,250-499,Privat,Alle,59,0.0,0.061,0.142,0.223,0.296
2022,indvandrere,Handel,50-99,Alle,Alle,196,0.0,0.031,0.111,0.192,0.265
2022,indvandrere,Handel,50-99,Offentlig,Alle,75,0.0,0.0,0.079,0.16,0.233
2022,indvandrere,Handel,50-99,Privat,Alle,40,0.004,0.077,0.157,0.238,0.311
2022,indvandrere,Handel,500+,Alle,Alle,536,0.0,0.028,0.109,0.19,0.263
2022,indvandrere,Handel,500+,Offentlig,Alle,35,0.0,0.031,0.112,0.192,0.265
2022,indvandrere,Handel,500+,Privat,Alle,84,0.0,0.05,0.131,0.212,0.285
2022,indvandrere,Handel,Alle,Alle,Alle,1217,0.0,0.045,0.126,0.207,0.28
2022,indvandrere,Handel,Alle,Offentlig,Alle,1729,0.0,0.025,0.106,0.187,0.26
2022,indvandrere,Handel,Alle,Privat,Alle,1049,0.0,0.054,0.135,0.216,0.289
2022,indvandrere,Industri,100-249,Alle,Alle,789,0.015,0.088,0.169,0.25,0.323
2022,indvandrere,Industri,100-249,Offentlig,Alle,71,0.0,0.06,0.141,0.222,0.295
2022,indvandrere,Industri,100-249,Privat,Alle,72,0.034,0.107,0.188,0.269,0.342
2022,indvandrere,Industri,250-499,Alle,Alle,255,0.033,0.106,0.187,0.268,0.341
2022,indvandrere,Industri,250-499,Offentlig,Alle,20,0.0,0.065,0.146,0.227,0.3
2022,indvandrere,Industri,250-499,Privat,Alle,84,0.046,0.119,0.2,0.281,0.353
2022,indvandrere,Industri,50-99,Alle,Alle,1801,0.019,0.092,0.173,0.254,0.327
2022,indvandrere,Industri,50-99,Offentlig,Alle,38,0.0,0.071,0.152,0.233,0.306
2022,indvandrere,Industri,500+,Alle,Alle,1870,0.016,0.089,0.17,0.251,0.324
2022,indvandrere,Industri,500+,Offentlig,Alle,68,0.011,0.084,0.165,0.246,0.319
2022,indvandrere,Industri,500+,Privat,Alle,57,0.03,0.103,0.184,0.265,0.338
2022,indvandrere,Industri,Alle,Alle,Alle,1394,0.011,0.084,0.164,0.245,0.318
2022,indvandrere,Industri,Alle,Offentlig,Alle,2369,0.001,0.074,0.155,0.236,0.309
2022,indvandrere,Industri,Alle,Privat,Alle,1229,0.037,0.11,0.191,0.272,0.345
2022,indvandrere,Information og kommunikation,100-249,Alle,Alle,1128,0.023,0.096,0.176,0.257,0.33
2022,indvandrere,Information og kommunikation,100-249,Privat,Alle,20,0.006,0.078,0.159,0.24,0.313
2022,indvandrere,Information og kommunikation,250-499,Alle,Alle,1609,0.005,0.078,0.159,0.24,0.313
2022,indvandrere,Information og kommunikation,250-499,Offentlig,Alle,29,0.0,0.043,0.124,0.205,0.278
2022,indvandrere,Information og kommunikation,250-499,Privat,Alle,17,0.0,0.06,0.141,0.222,0.295
2022,indvandrere,Information og kommunikation,50-99,Alle,Alle,1220,0.0,0.028,0.109,0.19,0.263
2022,indvandrere,Information og kommunikation,50-99,Offentlig,Alle,38,0.0,0.053,0.134,0.215,0.288
2022,indvandrere,Information og kommunikation,50-99,Privat,Alle,63,0.0,0.056,0.136,0.217,0.29
2022,indvandrere,Information og kommunikation,500+,Alle,Alle,1584,0.006,0.079,0.159,0.24,0.313
2022,indvandrere,Information og kommunikation,500+,Offentlig,Alle,36,0.0,0.048,0.129,0.21,0.283
2022,indvandrere,Information og kommunikation,500+,Privat,Alle,31,0.004,0.077,0.157,0.238,0.311
2022,indvandrere,Information og kommunikation,Alle,Alle,Alle,600,0.0,0.044,0.125,0.206,0.279
2022,indvandrere,Information og kommunikation,Alle,Offentlig,Alle,2047,0.0,0.031,0.112,0.193,0.266
2022,indvandrere,Information og kommunikation,Alle,Privat,Alle,1331,0.015,0.088,0.169,0.25,0.323
2022,indvandrere,Offentlig administration,100-249,Alle,Alle,190,0.0,0.0,0.038,0.119,0.192
2022,indvandrere,Offentlig administration,100-249,Offentlig,Alle,25,0.0,0.0,0.038,0.119,0.192
2022,indvandrere,Offentlig administration,100-249,Privat,Alle,69,0.0,0.0,0.042,0.122,0.195
2022,indvandrere,Offentlig administration,250-499,Alle,Alle,1026,0.0,0.0,0.056,0.137,0.21
2022,indvandrere,Offentlig administration,250-499,Offentlig,Alle,23,0.0,0.0,0.023,0.104,0.177
2022,indvandrere,Offentlig administration,50-99,Alle,Alle,1985,0.0,0.0,0.071,0.152,0.225
2022,indvandrere,Offentlig administration,50-99,Offentlig,Alle,58,0.0,0.0,0.039,0.119,0.192
2022,indvandrere,Offentlig administration,50-99,Privat,Alle,32,0.0,0.0,0.078,0.158,0.231
2022,indvandrere,Offentlig administration,500+,Alle,Alle,118,0.0,0.0,0.062,0.143,0.216
2022,indvandrere,Offentlig administration,500+,Privat,Alle,58,0.0,0.015,0.096,0.177,0.25
2022,indvandrere,Offentlig administration,Alle,Alle,Alle,965,0.0,0.0,0.057,0.138,0.211
2022,indvandrere,Offentlig administration,Alle,Offentlig,Alle,2067,0.0,0.0,0.055,0.136,0.209
2022,indvandrere,Offentlig administration,Alle,Privat,Alle,603,0.0,0.0,0.079,0.16,0.233
2022,indvandrere,Sundhed og socialvæsen,100-249,Alle,Alle,269,0.0,0.033,0.114,0.195,0.268
2022,indvandrere,Sundhed og socialvæsen,100-249,Offentlig,Alle,59,0.0,0.012,0.093,0.174,0.247
2022,indvandrere,Sundhed og socialvæsen,100-249,Privat,Alle,51,0.0,0.053,0.133,0.214,0.287
2022,indvandrere,Sundhed og socialvæsen,250-499,Alle,Alle,1969,0.0,0.019,0.1,0.18,0.253
2022,indvandrere,Sundhed og socialvæsen,250-499,Offentlig,Alle,73,0.0,0.0,0.078,0.159,0.232
2022,indvandrere,Sundhed og socialvæsen,250-499,Privat,Alle,62,0.0,0.039,0.12,0.201,0.274
2022,indvandrere,Sundhed og socialvæsen,50-99,Alle,Alle,1908,0.0,0.042,0.123,0.204,0.277
2022,indvandrere,Sundhed og socialvæsen,50-99,Offentlig,Alle,25,0.0,0.047,0.128,0.208,0.281
2022,indvandrere,Sundhed og socialvæsen,50-99,Privat,Alle,28,0.0,0.022,0.103,0.183,0.256
2022,indvandrere,Sundhed og socialvæsen,500+,Alle,Alle,765,0.0,0.047,0.127,0.208,0.281
2022,indvandrere,Sundhed og socialvæsen,500+,Offentlig,Alle,65,0.0,0.022,0.103,0.183,0.256
2022,indvandrere,Sundhed og socialvæsen,500+,Privat,Alle,20,0.0,0.065,0.146,0.227,0.3
2022,indvandrere,Sundhed og socialvæsen,Alle,Alle,Alle,1129,0.0,0.04,0.12,0.201,0.274
2022,indvandrere,Sundhed og socialvæsen,Alle,Offentlig,Alle,2278,0.0,0.003,0.084,0.164,0.237
2022,indvandrere,Sundhed og socialvæsen,Alle,Privat,Alle,189,0.0,0.063,0.144,0.225,0.298
2022,indvandrere,Transport,100-249,Alle,Alle,869,0.051,0.124,0.205,0.286,0.359
2022,indvandrere,Transport,100-249,Offentlig,Alle,32,0.022,0.095,0.176,0.257,0.33
2022,indvandrere,Transport,100-249,Privat,Alle,89,0.079,0.152,0.233,0.314,0.387
2022,indvandrere,Transport,250-499,Alle,Alle,2214,0.057,0.13,0.211,0.292,0.365
2022,indvandrere,Transport,250-499,Privat,Alle,62,0.086,0.159,0.24,0.321,0.394
2022,indvandrere,Transport,50-99,Alle,Alle,1694,0.04,0.113,0.194,0.275,0.348
2022,indvandrere,Transport,50-99,Offentlig,Alle,25,0.057,0.13,0.211,0.292,0.365
2022,indvandrere,Transport,50-99,Privat,Alle,15,0.052,0.125,0.206,0.287,0.36
2022,indvandrere,Transport,500+,Alle,Alle,2107,0.054,0.127,0.208,0.289,0.362
2022,indvandrere,Transport,500+,Privat,Alle,53,0.079,0.152,0.233,0.314,0.387
2022,indvandrere,Transport,Alle,Alle,Alle,1544,0.013,0.086,0.167,0.248,0.321
2022,indvandrere,Transport,Alle,Offentlig,Alle,1310,0.065,0.138,0.219,0.3,0.372
2022,indvandrere,Transport,Alle,Privat,Alle,1452,0.072,0.145,0.226,0.307,0.38
2022,indvandrere,Undervisning,100-249,Alle,Alle,593,0.0,0.0,0.049,0.13,0.202
2022,indvandrere,Undervisning,100-249,Offentlig,Alle,40,0.0,0.0,0.033,0.114,0.187
2022,indvandrere,Undervisning,100-249,Privat,Alle,41,0.0,0.0,0.063,0.144,0.217
2022,indvandrere,Undervisning,250-499,Alle,Alle,1055,0.0,0.0,0.051,0.131,0.204
2022,indvandrere,Undervisning,250-499,Privat,Alle,70,0.0,0.009,0.09,0.171,0.244
2022,indvandrere,Undervisning,50-99,Alle,Alle,1092,0.0,0.0,0.035,0.116,0.189
2022,indvandrere,Undervisning,50-99,Offentlig,Alle,14,0.0,0.0,0.052,0.133,0.206
2022,indvandrere,Undervisning,50-99,Privat,Alle,24,0.0,0.006,0.087,0.167,0.24
2022,indvandrere,Undervisning,500+,Alle,Alle,2569,0.0,0.0,0.081,0.161,0.234
2022,indvandrere,Undervisning,500+,Offentlig,Alle,18,0.0,0.0,0.069,0.15,0.223
2022,indvandrere,Undervisning,500+,Privat,Alle,58,0.0,0.004,0.085,0.166,0.239
2022,indvandrere,Undervisning,Alle,Alle,Alle,2322,0.0,0.0,0.068,0.148,0.221
2022,indvandrere,Undervisning,Alle,Offentlig,Alle,905,0.0,0.0,0.079,0.16,0.233
2022,indvandrere,Undervisning,Alle,Privat,Alle,610,0.0,0.0,0.077,0.158,0.231
2022,kvinder,Alle,Alle,Alle,Alle,913,0.298,0.371,0.452,0.532,0.605
2022,kvinder,Alle,Alle,Alle,Hovedstaden,1750,0.254,0.327,0.408,0.489,0.562
2022,kvinder,Alle,Alle,Alle,Midtjylland,659,0.281,0.354,0.435,0.515,0.588
2022,kvinder,Alle,Alle,Alle,Nordjylland,1806,0.268,0.341,0.422,0.503,0.576
2022,kvinder,Alle,Alle,Alle,Sjælland,1873,0.287,0.36,0.441,0.522,0.595
2022,kvinder,Alle,Alle,Alle,Syddanmark,2204,0.258,0.331,0.412,0.493,0.566
2022,kvinder,Bygge og anlæg,100-249,Alle,Alle,1780,0.0,0.042,0.123,0.204,0.277
2022,kvinder,Bygge og anlæg,100-249,Privat,Alle,34,0.0,0.0,0.045,0.125,0.198
2022,kvinder,Bygge og anlæg,250-499,Alle,Alle,862,0.0,0.051,0.132,0.213,0.286
2022,kvinder,Bygge og anlæg,250-499,Offentlig,Alle,53,0.028,0.101,0.182,0.263,0.336
2022,kvinder,Bygge og anlæg,250-499,Privat,Alle,48,0.0,0.0,0.051,0.132,0.205
2022,kvinder,Bygge og anlæg,50-99,Alle,Alle,2453,0.0,0.038,0.119,0.199,0.272
2022,kvinder,Bygge og anlæg,50-99,Offentlig,Alle,70,0.053,0.126,0.207,0.287,0.36
2022,kvinder,Bygge og anlæg,50-99,Privat,Alle,53,0.0,0.0,0.058,0.139,0.212
2022,kvinder,Bygge og anlæg,500+,Alle,Alle,2199,0.0,0.035,0.116,0.197,0.27
2022,kvinder,Bygge og anlæg,500+,Offentlig,Alle,59,0.01,0.083,0.164,0.245,0.318
2022,kvinder,Bygge og anlæg,500+,Privat,Alle,53,0.0,0.0,0.055,0.136,0.209
2022,kvinder,Bygge og anlæg,Alle,Alle,Alle,347,0.0,0.027,0.108,0.189,0.262
2022,kvinder,Bygge og anlæg,Alle,Offentlig,Alle,1358,0.033,0.106,0.187,0.268,0.341
2022,kvinder,Bygge og anlæg,Alle,Privat,Alle,342,0.0,0.0,0.016,0.097,0.17
2022,kvinder,Handel,100-249,Alle,Alle,1805,0.285,0.358,0.439,0.52,0.593
2022,kvinder,Handel,100-249,Offentlig,Alle,65,0.398,0.471,0.552,0.633,0.706
2022,kvinder,Handel,100-249,Privat,Alle,75,0.25,0.323,0.404,0.485,0.558
2022,kvinder,Handel,250-499,Alle,Alle,2072,0.292,0.365,0.446,0.527,0.6
2022,kvinder,Handel,250-499,Offentlig,Alle,40,0.391,0.464,0.545,0.626,0.698
2022,kvinder,Handel,250-499,Privat,Alle,59,0.271,0.344,0.425,0.506,0.579
2022,kvinder,Handel,50-99,Alle,Alle,196,0.295,0.368,0.448,0.529,0.602
2022,kvinder,Handel,50-99,Offentlig,Alle,75,0.39,0.463,0.543,0.624,0.697
2022,kvinder,Handel,50-99,Privat,Alle,40,0.223,0.296,0.376,0.457,0.53
2022,kvinder,Handel,500+,Alle,Alle,536,0.314,0.387,0.468,0.549,0.622
2022,kvinder,Handel,500+,Offentlig,Alle,35,0.383,0.456,0.537,0.618,0.691
2022,kvinder,Handel,500+,Privat,Alle,84,0.228,0.301,0.382,0.462,0.535
2022,kvinder,Handel,Alle,Alle,Alle,1217,0.3,0.373,0.454,0.535,0.608
2022,kvinder,Handel,Alle,Offentlig,Alle,1729,0.393,0.466,0.546,0.627,0.7
2022,kvinder,Handel,Alle,Privat,Alle,1049,0.236,0.309,0.389,0.47,0.543
2022,kvinder,Industri,100-249,Alle,Alle,789,0.104,0.177,0.258,0.339,0.412
2022,kvinder,Industri,100-249,Offentlig,Alle,71,0.22,0.293,0.374,0.455,0.528
2022,kvinder,Industri,100-249,Privat,Alle,72,0.076,0.149,0.229,0.31,0.383
2022,kvinder,Industri,250-499,Alle,Alle,255,0.111,0.184,0.265,0.346,0.419
2022,kvinder,Industri,250-499,Offentlig,Alle,20,0.202,0.275,0.356,0.437,0.51
2022,kvinder,Industri,250-499,Privat,Alle,84,0.067,0.14,0.221,0.302,0.375
2022,kvinder,Industri,50-99,Alle,Alle,1801,0.123,0.196,0.277,0.358,0.431
2022,kvinder,Industri,50-99,Offentlig,Alle,38,0.208,0.281,0.362,0.443,0.516
2022,kvinder,Industri,500+,Alle,Alle,1870,0.103,0.176,0.256,0.337,0.41
2022,kvinder,Industri,500+,Offentlig,Alle,68,0.221,0.294,0.375,0.456,0.529
2022,kvinder,Industri,500+,Privat,Alle,57,0.063,0.136,0.217,0.298,0.371
2022,kvinder,Industri,Alle,Alle,Alle,1394,0.141,0.214,0.295,0.376,0.449
2022,kvinder,Industri,Alle,Offentlig,Alle,2369,0.237,0.31,0.39,0.471,0.544
2022,kvinder,Industri,Alle,Privat,Alle,1229,0.063,0.136,0.217,0.298,0.371
2022,kvinder,Information og kommunikation,100-249,Alle,Alle,1128,0.187,0.26,0.341,0.422,0.495
2022,kvinder,Information og kommunikation,100-249,Privat,Alle,20,0.102,0.175,0.256,0.336,0.409
2022,kvinder,Information og kommunikation,250-499,Alle,Alle,1609,0.173,0.246,0.327,0.407,0.48
2022,kvinder,Information og kommunikation,250-499,Offentlig,Alle,29,0.296,0.369,0.45,0.53,0.603
2022,kvinder,Information og kommunikation,250-499,Privat,Alle,17,0.133,0.206,0.287,0.368,0.44
2022,kvinder,Information og kommunikation,50-99,Alle,Alle,1220,0.158,0.231,0.311,0.392,0.465
2022,kvinder,Information og kommunikation,50-99,Offentlig,Alle,38,0.269,0.342,0.423,0.504,0.577
2022,kvinder,Information og kommunikation,50-99,Privat,Alle,63,0.141,0.214,0.295,0.376,0.449
2022,kvinder,Information og kommunikation,500+,Alle,Alle,1584,0.185,0.258,0.338,0.419,0.492
2022,kvinder,Information og kommunikation,500+,Offentlig,Alle,36,0.27,0.343,0.424,0.505,0.578
2022,kvinder,Information og kommunikation,500+,Privat,Alle,31,0.087,0.16,0.241,0.322,0.395
2022,kvinder,Information og kommunikation,Alle,Alle,Alle,600,0.155,0.228,0.309,0.39,0.463
2022,kvinder,Information og kommunikation,Alle,Offentlig,Alle,2047,0.294,0.367,0.448,0.529,0.602
2022,kvinder,Information og kommunikation,Alle,Privat,Alle,1331,0.106,0.179,0.26,0.341,0.414
2022,kvinder,Offentlig administration,100-249,Alle,Alle,190,0.428,0.501,0.582,0.663,0.736
2022,kvinder,Offentlig administration,100-249,Offentlig,Alle,25,0.53,0.603,0.684,0.765,0.838
2022,kvinder,Offentlig administration,100-249,Privat,Alle,69,0.352,0.425,0.506,0.587,0.66
2022,kvinder,Offentlig administration,250-499,Alle,Alle,1026,0.432,0.505,0.586,0.667,0.74
2022,kvinder,Offentlig administration,250-499,Offentlig,Alle,23,0.52,0.593,0.674,0.755,0.828
2022,kvinder,Offentlig administration,50-99,Alle,Alle,1985,0.415,0.488,0.569,0.65,0.723
2022,kvinder,Offentlig administration,50-99,Offentlig,Alle,58,0.513,0.586,0.667,0.748,0.821
2022,kvinder,Offentlig administration,50-99,Privat,Alle,32,0.344,0.417,0.498,0.579,0.652
2022,kvinder,Offentlig administration,500+,Alle,Alle,118,0.429,0.502,0.583,0.664,0.737
2022,kvinder,Offentlig administration,500+,Privat,Alle,58,0.376,0.449,0.53,0.611,0.684
2022,kvinder,Offentlig administration,Alle,Alle,Alle,965,0.441,0.514,0.594,0.675,0.748
2022,kvinder,Offentlig administration,Alle,Offentlig,Alle,2067,0.51,0.583,0.664,0.745,0.818
2022,kvinder,Offentlig administration,Alle,Privat,Alle,603,0.367,0.44,0.521,0.602,0.675
2022,kvinder,Sundhed og socialvæsen,100-249,Alle,Alle,269,0.63,0.703,0.784,0.865,0.938
2022,kvinder,Sundhed og socialvæsen,100-249,Offentlig,Alle,59,0.735,0.808,0.889,0.97,1.0
2022,kvinder,Sundhed og socialvæsen,100-249,Privat,Alle,51,0.6,0.673,0.754,0.835,0.908
2022,kvinder,Sundhed og socialvæsen,250-499,Alle,Alle,1969,0.659,0.732,0.813,0.894,0.966
2022,kvinder,Sundhed og socialvæsen,250-499,Offentlig,Alle,73,0.708,0.781,0.862,0.942,1.0
2022,kvinder,Sundhed og socialvæsen,250-499,Privat,Alle,62,0.575,0.648,0.729,0.81,0.883
2022,kvinder,Sundhed og socialvæsen,50-99,Alle,Alle,1908,0.641,0.713,0.794,0.875,0.948
2022,kvinder,Sundhed og socialvæsen,50-99,Offentlig,Alle,25,0.716,0.789,0.87,0.951,1.0
2022,kvinder,Sundhed og socialvæsen,50-99,Privat,Alle,28,0.607,0.68,0.761,0.842,0.915
2022,kvinder,Sundhed og socialvæsen,500+,Alle,Alle,765,0.647,0.72,0.801,0.882,0.955
2022,kvinder,Sundhed og socialvæsen,500+,Offentlig,Alle,65,0.738,0.81,0.891,0.972,1.0
2022,kvinder,Sundhed og socialvæsen,500+,Privat,Alle,20,0.603,0.676,0.757,0.838,0.91
2022,kvinder,Sundhed og socialvæsen,Alle,Alle,Alle,1129,0.636,0.709,0.79,0.871,0.944
2022,kvinder,Sundhed og socialvæsen,Alle,Offentlig,Alle,2278,0.745,0.818,0.899,0.98,1.0
2022,kvinder,Sundhed og socialvæsen,Alle,Privat,Alle,189,0.603,0.676,0.757,0.838,0.911
2022,kvinder,Transport,100-249,Alle,Alle,869,0.093,0.166,0.247,0.328,0.4
2022,kvinder,Transport,100-249,Offentlig,Alle,32,0.172,0.245,0.326,0.407,0.48
2022,kvinder,Transport,100-249,Privat,Alle,89,0.02,0.093,0.174,0.254,0.327
2022,kvinder,Transport,250-499,Alle,Alle,2214,0.066,0.139,0.22,0.301,0.373
2022,kvinder,Transport,250-499,Privat,Alle,62,0.025,0.098,0.179,0.26,0.333
2022,kvinder,Transport,50-99,Alle,Alle,1694,0.091,0.164,0.245,0.325,0.398
2022,kvinder,Transport,50-99,Offentlig,Alle,25,0.175,0.248,0.329,0.41,0.483
2022,kvinder,Transport,50-99,Privat,Alle,15,0.011,0.084,0.165,0.246,0.319
2022,kvinder,Transport,500+,Alle,Alle,2107,0.074,0.147,0.228,0.309,0.382
2022,kvinder,Transport,500+,Privat,Alle,53,0.034,0.107,0.188,0.269,0.342
2022,kvinder,Transport,Alle,Alle,Alle,1544,0.089,0.162,0.243,0.324,0.397
2022,kvinder,Transport,Alle,Offentlig,Alle,1310,0.19,0.263,0.343,0.424,0.497
2022,kvinder,Transport,Alle,Privat,Alle,1452,0.012,0.085,0.165,0.246,0.319
2022,kvinder,Undervisning,100-249,Alle,Alle,593,0.51,0.583,0.664,0.745,0.818
2022,kvinder,Undervisning,100-249,Offentlig,Alle,40,0.621,0.694,0.775,0.856,0.929
2022,kvinder,Undervisning,100-249,Privat,Alle,41,0.488,0.561,0.642,0.723,0.796
2022,kvinder,Undervisning,250-499,Alle,Alle,1055,0.534,0.607,0.688,0.768,0.841
2022,kvinder,Undervisning,250-499,Privat,Alle,70,0.452,0.525,0.606,0.687,0.76
2022,kvinder,Undervisning,50-99,Alle,Alle,1092,0.548,0.621,0.702,0.783,0.856
2022,kvinder,Undervisning,50-99,Offentlig,Alle,14,0.632,0.705,0.786,0.867,0.94
2022,kvinder,Undervisning,50-99,Privat,Alle,24,0.485,0.558,0.639,0.72,0.793
2022,kvinder,Undervisning,500+,Alle,Alle,2569,0.548,0.621,0.702,0.783,0.856
2022,kvinder,Undervisning,500+,Offentlig,Alle,18,0.602,0.675,0.756,0.837,0.91
2022,kvinder,Undervisning,500+,Privat,Alle,58,0.475,0.548,0.629,0.71,0.783
2022,kvinder,Undervisning,Alle,Alle,Alle,2322,0.502,0.575,0.656,0.737,0.81
2022,kvinder,Undervisning,Alle,Offentlig,Alle,905,0.614,0.687,0.768,0.848,0.921
2022,kvinder,Undervisning,Alle,Privat,Alle,610,0.451,0.524,0.605,0.686,0.759
2022,seniorer,Alle,Alle,Alle,Alle,913,0.061,0.134,0.215,0.296,0.369
2022,seniorer,Alle,Alle,Alle,Hovedstaden,1750,0.05,0.123,0.203,0.284,0.357
2022,seniorer,Alle,Alle,Alle,Midtjylland,659,0.064,0.137,0.218,0.299,0.372
2022,seniorer,Alle,Alle,Alle,Nordjylland,1806,0.048,0.121,0.201,0.282,0.355
2022,seniorer,Alle,Alle,Alle,Sjælland,1873,0.073,0.146,0.227,0.308,0.381
2022,seniorer,Alle,Alle,Alle,Syddanmark,2204,0.065,0.138,0.219,0.3,0.373
2022,seniorer,Bygge og anlæg,100-249,Alle,Alle,1780,0.069,0.142,0.223,0.304,0.377
2022,seniorer,Bygge og anlæg,100-249,Privat,Alle,34,0.005,0.078,0.158,0.239,0.312
2022,seniorer,Bygge og anlæg,250-499,Alle,Alle,862,0.025,0.098,0.179,0.26,0.333
2022,seniorer,Bygge og anlæg,250-499,Offentlig,Alle,53,0.079,0.152,0.233,0.314,0.387
2022,seniorer,Bygge og anlæg,250-499,Privat,Alle,48,0.015,0.088,0.169,0.25,0.323
2022,seniorer,Bygge og anlæg,50-99,Alle,Alle,2453,0.05,0.123,0.204,0.285,0.358
2022,seniorer,Bygge og anlæg,50-99,Offentlig,Alle,70,0.035,0.108,0.189,0.269,0.342
2022,seniorer,Bygge og anlæg,50-99,Privat,Alle,53,0.009,0.082,0.163,0.244,0.317
2022,seniorer,Bygge og anlæg,500+,Alle,Alle,2199,0.026,0.099,0.179,0.26,0.333
2022,seniorer,Bygge og anlæg,500+,Offentlig,Alle,59,0.056,0.129,0.21,0.291,0.364
2022,seniorer,Bygge og anlæg,500+,Privat,Alle,53,0.038,0.111,0.191,0.272,0.345
2022,seniorer,Bygge og anlæg,Alle,Alle,Alle,347,0.042,0.115,0.196,0.277,0.35
2022,seniorer,Bygge og anlæg,Alle,Offentlig,Alle,1358,0.095,0.168,0.249,0.329,0.402
2022,seniorer,Bygge og anlæg,Alle,Privat,Alle,342,0.016,0.089,0.17,0.251,0.324
2022,seniorer,Handel,100-249,Alle,Alle,1805,0.0,0.054,0.135,0.216,0.289
2022,seniorer,Handel,100-249,Offentlig,Alle,65,0.03,0.103,0.184,0.264,0.337
2022,seniorer,Handel,100-249,Privat,Alle,75,0.0,0.037,0.118,0.199,0.272
2022,seniorer,Handel,250-499,Alle,Alle,2072,0.0,0.063,0.144,0.225,0.298
2022,seniorer,Handel,250-499,Offentlig,Alle,40,0.022,0.095,0.175,0.256,0.329
2022,seniorer,Handel,250-499,Privat,Alle,59,0.0,0.033,0.114,0.195,0.268
2022,seniorer,Handel,50-99,Alle,Alle,196,0.0,0.053,0.134,0.215,0.288
2022,seniorer,Handel,50-99,Offentlig,Alle,75,0.018,0.091,0.172,0.253,0.326
2022,seniorer,Handel,50-99,Privat,Alle,40,0.0,0.056,0.137,0.218,0.291
2022,seniorer,Handel,500+,Alle,Alle,536,0.0,0.069,0.15,0.231,0.304
2022,seniorer,Handel,500+,Offentlig,Alle,35,0.023,0.096,0.177,0.258,0.331
2022,seniorer,Handel,500+,Privat,Alle,84,0.0,0.039,0.12,0.201,0.274
2022,seniorer,Handel,Alle,Alle,Alle,1217,0.0,0.056,0.137,0.218,0.291
2022,seniorer,Handel,Alle,Offentlig,Alle,1729,0.0,0.07,0.151,0.232,0.305
2022,seniorer,Handel,Alle,Privat,Alle,1049,0.0,0.041,0.122,0.202,0.275
2022,seniorer,Industri,100-249,Alle,Alle,789,0.054,0.127,0.208,0.289,0.362
2022,seniorer,Industri,100-249,Offentlig,Alle,71,0.106,0.179,0.26,0.341,0.414
2022,seniorer,Industri,100-249,Privat,Alle,72,0.026,0.098,0.179,0.26,0.333
2022,seniorer,Industri,250-499,Alle,Alle,255,0.071,0.144,0.224,0.305,0.378
2022,seniorer,Industri,250-499,Offentlig,Alle,20,0.094,0.167,0.248,0.329,0.401
2022,seniorer,Industri,250-499,Privat,Alle,84,0.042,0.115,0.196,0.277,0.35
2022,seniorer,Industri,50-99,Alle,Alle,1801,0.066,0.139,0.22,0.301,0.374
2022,seniorer,Industri,50-99,Offentlig,Alle,38,0.075,0.148,0.229,0.31,0.383
2022,seniorer,Industri,500+,Alle,Alle,1870,0.059,0.132,0.212,0.293,0.366
2022,seniorer,Industri,500+,Offentlig,Alle,68,0.096,0.169,0.25,0.33,0.403
2022,seniorer,Industri,500+,Privat,Alle,57,0.052,0.125,0.206,0.287,0.36
2022,seniorer,Industri,Alle,Alle,Alle,1394,0.07,0.143,0.224,0.305,0.378
2022,seniorer,Industri,Alle,Offentlig,Alle,2369,0.098,0.171,0.252,0.333,0.406
2022,seniorer,Industri,Alle,Privat,Alle,1229,0.061,0.134,0.215,0.296,0.369
2022,seniorer,Information og kommunikation,100-249,Alle,Alle,1128,0.0,0.044,0.125,0.206,0.279
2022,seniorer,Information og kommunikation,100-249,Privat,Alle,20,0.0,0.052,0.133,0.214,0.287
2022,seniorer,Information og kommunikation,250-499,Alle,Alle,1609,0.02,0.092,0.173,0.254,0.327
2022,seniorer,Information og kommunikation,250-499,Offentlig,Alle,29,0.0,0.07,0.151,0.232,0.305
2022,seniorer,Information og kommunikation,250-499,Privat,Alle,17,0.0,0.067,0.148,0.228,0.301
2022,seniorer,Information og kommunikation,50-99,Alle,Alle,1220,0.009,0.082,0.163,0.244,0.317
2022,seniorer,Information og kommunikation,50-99,Offentlig,Alle,38,0.025,0.098,0.178,0.259,0.332
2022,seniorer,Information og kommunikation,50-99,Privat,Alle,63,0.0,0.022,0.103,0.184,0.257
2022,seniorer,Information og kommunikation,500+,Alle,Alle,1584,0.012,0.085,0.166,0.247,0.32
2022,seniorer,Information og kommunikation,500+,Offentlig,Alle,36,0.047,0.12,0.201,0.282,0.355
2022,seniorer,Information og kommunikation,500+,Privat,Alle,31,0.0,0.045,0.126,0.207,0.28
2022,seniorer,Information og kommunikation,Alle,Alle,Alle,600,0.011,0.084,0.165,0.246,0.319
2022,seniorer,Information og kommunikation,Alle,Offentlig,Alle,2047,0.052,0.125,0.206,0.287,0.36
2022,seniorer,Information og kommunikation,Alle,Privat,Alle,1331,0.0,0.048,0.129,0.21,0.283
2022,seniorer,Offentlig administration,100-249,Alle,Alle,190,0.101,0.174,0.255,0.336,0.409
2022,seniorer,Offentlig administration,100-249,Offentlig,Alle,25,0.165,0.238,0.318,0.399,0.472
2022,seniorer,Offentlig administration,100-249,Privat,Alle,69,0.101,0.173,0.254,0.335,0.408
2022,seniorer,Offentlig administration,250-499,Alle,Alle,1026,0.133,0.206,0.286,0.367,0.44
2022,seniorer,Offentlig administration,250-499,Offentlig,Alle,23,0.129,0.202,0.283,0.364,0.437
2022,seniorer,Offentlig administration,50-99,Alle,Alle,1985,0.126,0.199,0.28,0.361,0.434
2022,seniorer,Offentlig administration,50-99,Offentlig,Alle,58,0.184,0.257,0.338,0.419,0.492
2022,seniorer,Offentlig administration,50-99,Privat,Alle,32,0.133,0.206,0.287,0.368,0.441
2022,seniorer,Offentlig administration,500+,Alle,Alle,118,0.133,0.206,0.287,0.368,0.441
2022,seniorer,Offentlig administration,500+,Privat,Alle,58,0.135,0.208,0.289,0.37,0.443
2022,seniorer,Offentlig administration,Alle,Alle,Alle,965,0.154,0.227,0.307,0.388,0.461
2022,seniorer,Offentlig administration,Alle,Offentlig,Alle,2067,0.161,0.234,0.315,0.396,0.469
2022,seniorer,Offentlig administration,Alle,Privat,Alle,603,0.114,0.187,0.268,0.349,0.422
2022,seniorer,Sundhed og socialvæsen,100-249,Alle,Alle,269,0.08,0.153,0.234,0.315,0.388
2022,seniorer,Sundhed og socialvæsen,100-249,Offentlig,Alle,59,0.11,0.183,0.264,0.345,0.417
2022,seniorer,Sundhed og socialvæsen,100-249,Privat,Alle,51,0.082,0.155,0.236,0.317,0.39
2022,seniorer,Sundhed og socialvæsen,250-499,Alle,Alle,1969,0.091,0.164,0.245,0.326,0.398
2022,seniorer,Sundhed og socialvæsen,250-499,Offentlig,Alle,73,0.102,0.175,0.256,0.337,0.41
2022,seniorer,Sundhed og socialvæsen,250-499,Privat,Alle,62,0.064,0.137,0.218,0.299,0.372
2022,seniorer,Sundhed og socialvæsen,50-99,Alle,Alle,1908,0.101,0.174,0.254,0.335,0.408
2022,seniorer,Sundhed og socialvæsen,50-99,Offentlig,Alle,25,0.103,0.176,0.257,0.338,0.411
2022,seniorer,Sundhed og socialvæsen,50-99,Privat,Alle,28,0.069,0.142,0.223,0.304,0.377
2022,seniorer,Sundhed og socialvæsen,500+,Alle,Alle,765,0.121,0.194,0.275,0.355,0.428
2022,seniorer,Sundhed og socialvæsen,500+,Offentlig,Alle,65,0.145,0.218,0.299,0.379,0.452
2022,seniorer,Sundhed og socialvæsen,500+,Privat,Alle,20,0.074,0.147,0.228,0.309,0.382
2022,seniorer,Sundhed og socialvæsen,Alle,Alle,Alle,1129,0.084,0.157,0.238,0.319,0.392
2022,seniorer,Sundhed og socialvæsen,Alle,Offentlig,Alle,2278,0.098,0.171,0.252,0.333,0.406
2022,seniorer,Sundhed og socialvæsen,Alle,Privat,Alle,189,0.053,0.126,0.206,0.287,0.36
2022,seniorer,Transport,100-249,Alle,Alle,869,0.092,0.165,0.246,0.327,0.4
2022,seniorer,Transport,100-249,Offentlig,Alle,32,0.149,0.222,0.303,0.384,0.457
2022,seniorer,Transport,100-249,Privat,Alle,89,0.097,0.17,0.251,0.332,0.405
2022,seniorer,Transport,250-499,Alle,Alle,2214,0.087,0.16,0.241,0.322,0.395
2022,seniorer,Transport,250-499,Privat,Alle,62,0.091,0.164,0.245,0.326,0.399
2022,seniorer,Transport,50-99,Alle,Alle,1694,0.087,0.16,0.24,0.321,0.394
2022,seniorer,Transport,50-99,Offentlig,Alle,25,0.118,0.191,0.272,0.353,0.426
2022,seniorer,Transport,50-99,Privat,Alle,15,0.075,0.148,0.229,0.31,0.383
2022,seniorer,Transport,500+,Alle,Alle,2107,0.093,0.166,0.247,0.327,0.4
2022,seniorer,Transport,500+,Privat,Alle,53,0.075,0.147,0.228,0.309,0.382
2022,seniorer,Transport,Alle,Alle,Alle,1544,0.106,0.179,0.26,0.341,0.414
2022,seniorer,Transport,Alle,Offentlig,Alle,1310,0.13,0.203,0.283,0.364,0.437
2022,seniorer,Transport,Alle,Privat,Alle,1452,0.064,0.137,0.218,0.299,0.372
2022,seniorer,Undervisning,100-249,Alle,Alle,593,0.115,0.188,0.269,0.35,0.423
2022,seniorer,Undervisning,100-249,Offentlig,Alle,40,0.149,0.222,0.303,0.384,0.457
2022,seniorer,Undervisning,100-249,Privat,Alle,41,0.075,0.148,0.229,0.31,0.383
2022,seniorer,Undervisning,250-499,Alle,Alle,1055,0.093,0.166,0.247,0.328,0.401
2022,seniorer,Undervisning,250-499,Privat,Alle,70,0.07,0.142,0.223,0.304,0.377
2022,seniorer,Undervisning,50-99,Alle,Alle,1092,0.109,0.182,0.263,0.344,0.417
2022,seniorer,Undervisning,50-99,Offentlig,Alle,14,0.138,0.211,0.292,0.373,0.446
2022,seniorer,Undervisning,50-99,Privat,Alle,24,0.076,0.149,0.23,0.311,0.384
2022,seniorer,Undervisning,500+,Alle,Alle,2569,0.137,0.21,0.291,0.372,0.445
2022,seniorer,Undervisning,500+,Offentlig,Alle,18,0.144,0.216,0.297,0.378,0.451
2022,seniorer,Undervisning,500+,Privat,Alle,58,0.1,0.173,0.254,0.335,0.408
2022,seniorer,Undervisning,Alle,Alle,Alle,2322,0.096,0.169,0.25,0.331,0.404
2022,seniorer,Undervisning,Alle,Offentlig,Alle,905,0.127,0.2,0.281,0.362,0.435
2022,seniorer,Undervisning,Alle,Privat,Alle,610,0.058,0.131,0.212,0.293,0.366
