gruppe_id,dimension_id,p10,p25,p50,p75,p90
1,1,0.259,0.331,0.412,0.493,0.566
1,2,0.009,0.082,0.163,0.244,0.317
1,3,0.0,0.046,0.127,0.208,0.281
2,1,0.264,0.337,0.418,0.499,0.572
2,2,0.033,0.106,0.187,0.268,0.341
2,3,0.003,0.076,0.157,0.237,0.31
3,1,0.251,0.324,0.405,0.486,0.559
3,2,0.034,0.107,0.188,0.269,0.342
3,3,0.0,0.026,0.107,0.188,0.261
4,1,0.263,0.336,0.416,0.497,0.57
4,2,0.036,0.109,0.19,0.271,0.344
4,3,0.0,0.024,0.105,0.186,0.259
5,1,0.246,0.319,0.4,0.48,0.553
5,2,0.031,0.104,0.185,0.266,0.339
5,3,0.0,0.029,0.109,0.19,0.263
6,1,0.253,0.326,0.407,0.488,0.561
6,2,0.017,0.09,0.171,0.252,0.324
6,3,0.0,0.0,0.064,0.145,0.218
7,1,0.498,0.571,0.652,0.732,0.805
7,2,0.079,0.152,0.233,0.314,0.387
7,3,0.0,0.0,0.055,0.136,0.208
8,1,0.619,0.691,0.772,0.853,0.926
8,2,0.1,0.173,0.254,0.335,0.408
8,3,0.0,0.0,0.045,0.126,0.199
9,1,0.444,0.517,0.598,0.679,0.751
9,2,0.044,0.117,0.197,0.278,0.351
9,3,0.0,0.0,0.075,0.156,0.229
10,1,0.514,0.587,0.668,0.748,0.821
10,2,0.098,0.171,0.252,0.333,0.406
10,3,0.0,0.0,0.032,0.113,0.186
11,1,0.584,0.657,0.738,0.819,0.892
11,2,0.119,0.192,0.273,0.353,0.426
11,3,0.0,0.0,0.038,0.119,0.192
12,1,0.432,0.505,0.586,0.666,0.739
12,2,0.049,0.122,0.203,0.283,0.356
12,3,0.0,0.0,0.077,0.158,0.231
13,1,0.512,0.585,0.666,0.747,0.82
13,2,0.114,0.187,0.268,0.349,0.422
13,3,0.0,0.0,0.033,0.114,0.187
14,1,0.638,0.711,0.792,0.873,0.946
14,2,0.135,0.208,0.289,0.37,0.443
14,3,0.0,0.0,0.037,0.118,0.191
15,1,0.435,0.507,0.588,0.669,0.742
15,2,0.061,0.134,0.215,0.296,0.369
15,3,0.0,0.0,0.051,0.132,0.204
16,1,0.505,0.578,0.659,0.74,0.813
16,2,0.1,0.173,0.254,0.335,0.408
16,3,0.0,0.0,0.037,0.118,0.191
17,1,0.577,0.65,0.73,0.811,0.884
17,2,0.09,0.163,0.244,0.324,0.397
17,3,0.0,0.0,0.011,0.092,0.165
18,1,0.432,0.505,0.586,0.667,0.74
18,2,0.065,0.138,0.219,0.3,0.373
18,3,0.0,0.0,0.037,0.118,0.191
19,1,0.475,0.548,0.629,0.71,0.783
19,2,0.071,0.144,0.225,0.305,0.378
19,3,0.0,0.0,0.079,0.16,0.233
20,1,0.448,0.521,0.602,0.683,0.756
20,2,0.059,0.132,0.213,0.294,0.367
20,3,0.0,0.0,0.045,0.126,0.199
21,1,0.618,0.691,0.772,0.853,0.926
21,2,0.074,0.147,0.228,0.309,0.382
21,3,0.0,0.003,0.084,0.165,0.238
22,1,0.712,0.785,0.866,0.947,1.0
22,2,0.088,0.161,0.242,0.323,0.396
22,3,0.0,0.0,0.081,0.161,0.234
23,1,0.551,0.624,0.705,0.786,0.859
23,2,0.028,0.101,0.182,0.263,0.336
23,3,0.0,0.011,0.092,0.173,0.246
24,1,0.631,0.704,0.785,0.866,0.939
24,2,0.06,0.133,0.214,0.295,0.368
24,3,0.0,0.0,0.066,0.147,0.219
25,1,0.713,0.786,0.867,0.948,1.0
25,2,0.112,0.185,0.265,0.346,0.419
25,3,0.0,0.0,0.069,0.15,0.223
26,1,0.545,0.618,0.699,0.78,0.853
26,2,0.015,0.088,0.169,0.25,0.323
26,3,0.0,0.0,0.076,0.157,0.229
27,1,0.635,0.708,0.789,0.87,0.943
27,2,0.046,0.119,0.2,0.281,0.353
27,3,0.0,0.035,0.116,0.197,0.27
28,1,0.711,0.784,0.864,0.945,1.0
28,2,0.089,0.162,0.243,0.324,0.397
28,3,0.0,0.001,0.082,0.163,0.236
29,1,0.587,0.66,0.741,0.822,0.895
29,2,0.053,0.126,0.207,0.288,0.361
29,3,0.0,0.005,0.086,0.167,0.24
30,1,0.736,0.809,0.89,0.971,1.0
30,2,0.065,0.138,0.218,0.299,0.372
30,3,0.0,0.006,0.086,0.167,0.24
31,1,0.638,0.711,0.792,0.873,0.946
31,2,0.044,0.117,0.198,0.279,0.352
31,3,0.0,0.004,0.085,0.166,0.239
32,1,0.722,0.795,0.876,0.957,1.0
32,2,0.102,0.175,0.256,0.337,0.41
32,3,0.0,0.0,0.078,0.159,0.232
33,1,0.255,0.328,0.409,0.49,0.563
33,2,0.0,0.004,0.084,0.165,0.238
33,3,0.0,0.008,0.088,0.169,0.242
34,1,0.373,0.446,0.527,0.608,0.681
34,2,0.0,0.042,0.123,0.204,0.277
34,3,0.0,0.0,0.078,0.159,0.232
35,1,0.224,0.297,0.378,0.459,0.532
35,2,0.0,0.041,0.122,0.203,0.276
35,3,0.0,0.019,0.1,0.181,0.254
36,1,0.234,0.307,0.388,0.469,0.542
36,2,0.0,0.057,0.138,0.219,0.292
36,3,0.0,0.003,0.084,0.165,0.238
37,1,0.347,0.42,0.501,0.582,0.655
37,2,0.014,0.087,0.168,0.249,0.322
37,3,0.0,0.027,0.108,0.189,0.262
38,1,0.211,0.284,0.365,0.445,0.518
38,2,0.0,0.017,0.098,0.179,0.252
38,3,0.0,0.018,0.099,0.179,0.252
39,1,0.27,0.343,0.423,0.504,0.577
39,2,0.0,0.021,0.102,0.183,0.256
39,3,0.0,0.037,0.118,0.199,0.272
40,1,0.354,0.427,0.508,0.589,0.662
40,2,0.0,0.03,0.111,0.192,0.265
40,3,0.0,0.012,0.092,0.173,0.246
41,1,0.255,0.328,0.409,0.49,0.563
41,2,0.0,0.028,0.109,0.19,0.263
41,3,0.0,0.02,0.101,0.182,0.255
42,1,0.311,0.384,0.465,0.546,0.619
42,2,0.0,0.02,0.101,0.182,0.255
42,3,0.0,0.036,0.117,0.198,0.271
43,1,0.382,0.455,0.536,0.617,0.69
43,2,0.0,0.069,0.15,0.231,0.304
43,3,0.0,0.013,0.094,0.174,0.247
44,1,0.231,0.304,0.385,0.465,0.538
44,2,0.0,0.001,0.082,0.163,0.236
44,3,0.0,0.007,0.088,0.169,0.242
45,1,0.265,0.338,0.419,0.499,0.572
45,2,0.0,0.035,0.116,0.197,0.269
45,3,0.0,0.053,0.134,0.215,0.288
46,1,0.227,0.3,0.381,0.462,0.535
46,2,0.0,0.003,0.084,0.165,0.238
46,3,0.0,0.045,0.126,0.207,0.28
47,1,0.112,0.185,0.266,0.347,0.42
47,2,0.038,0.111,0.192,0.273,0.346
47,3,0.0,0.008,0.089,0.17,0.243
48,1,0.2,0.272,0.353,0.434,0.507
48,2,0.073,0.146,0.227,0.308,0.381
48,3,0.0,0.039,0.119,0.2,0.273
49,1,0.045,0.118,0.199,0.28,0.353
49,2,0.024,0.097,0.178,0.259,0.332
49,3,0.0,0.052,0.133,0.214,0.287
50,1,0.079,0.152,0.233,0.314,0.387
50,2,0.047,0.12,0.201,0.281,0.354
50,3,0.0,0.065,0.146,0.227,0.3
51,1,0.047,0.12,0.201,0.282,0.355
51,2,0.022,0.095,0.176,0.256,0.329
51,3,0.004,0.076,0.157,0.238,0.311
52,1,0.105,0.178,0.259,0.34,0.413
52,2,0.055,0.128,0.209,0.29,0.363
52,3,0.0,0.056,0.137,0.218,0.291
53,1,0.193,0.266,0.347,0.427,0.5
53,2,0.064,0.137,0.218,0.299,0.372
53,3,0.0,0.05,0.131,0.211,0.284
54,1,0.025,0.098,0.179,0.26,0.333
54,2,0.022,0.095,0.176,0.257,0.33
54,3,0.002,0.075,0.156,0.237,0.31
55,1,0.092,0.165,0.246,0.327,0.4
55,2,0.018,0.091,0.172,0.253,0.326
55,3,0.0,0.048,0.128,0.209,0.282
56,1,0.182,0.255,0.336,0.417,0.49
56,2,0.063,0.136,0.217,0.297,0.37
56,3,0.0,0.036,0.117,0.198,0.271
57,1,0.03,0.103,0.184,0.265,0.338
57,2,0.01,0.083,0.164,0.245,0.318
57,3,0.0,0.057,0.138,0.219,0.292
58,1,0.098,0.171,0.252,0.333,0.406
58,2,0.038,0.111,0.192,0.273,0.346
58,3,0.016,0.088,0.169,0.25,0.323
59,1,0.0,0.0,0.067,0.148,0.221
59,2,0.021,0.094,0.175,0.256,0.329
59,3,0.0,0.056,0.136,0.217,0.29
60,1,0.028,0.101,0.182,0.263,0.336
60,2,0.073,0.146,0.227,0.308,0.381
60,3,0.0,0.062,0.143,0.224,0.297
61,1,0.0,0.0,0.035,0.116,0.189
61,2,0.0,0.047,0.128,0.209,0.282
61,3,0.0,0.037,0.118,0.199,0.272
62,1,0.0,0.015,0.096,0.176,0.249
62,2,0.01,0.083,0.164,0.245,0.318
62,3,0.0,0.024,0.105,0.186,0.259
63,1,0.035,0.108,0.189,0.27,0.343
63,2,0.04,0.113,0.193,0.274,0.347
63,3,0.0,0.02,0.101,0.182,0.255
64,1,0.0,0.0,0.028,0.108,0.181
64,2,0.0,0.047,0.128,0.208,0.281
64,3,0.0,0.067,0.147,0.228,0.301
65,1,0.0,0.024,0.105,0.186,0.259
65,2,0.023,0.096,0.177,0.258,0.331
65,3,0.0,0.022,0.103,0.184,0.257
66,1,0.0,0.0,0.058,0.138,0.211
66,2,0.021,0.094,0.175,0.256,0.329
66,3,0.0,0.045,0.126,0.207,0.28
67,1,0.0,0.007,0.087,0.168,0.241
67,2,0.012,0.085,0.165,0.246,0.319
67,3,0.0,0.054,0.135,0.216,0.289
68,1,0.016,0.089,0.17,0.251,0.324
68,2,0.048,0.121,0.202,0.283,0.356
68,3,0.0,0.022,0.103,0.184,0.257
69,1,0.0,0.0,0.039,0.12,0.193
69,2,0.0,0.049,0.13,0.21,0.283
69,3,0.0,0.071,0.152,0.233,0.306
70,1,0.083,0.156,0.237,0.318,0.391
70,2,0.072,0.145,0.226,0.306,0.379
70,3,0.035,0.108,0.189,0.27,0.343
71,1,0.187,0.26,0.34,0.421,0.494
71,2,0.116,0.189,0.27,0.351,0.424
71,3,0.014,0.087,0.168,0.248,0.321
72,1,0.002,0.075,0.156,0.237,0.31
72,2,0.058,0.131,0.212,0.293,0.366
72,3,0.031,0.104,0.185,0.266,0.339
73,1,0.047,0.12,0.201,0.282,0.355
73,2,0.079,0.152,0.232,0.313,0.386
73,3,0.021,0.094,0.175,0.256,0.329
74,1,0.149,0.222,0.303,0.384,0.457
74,2,0.105,0.178,0.259,0.34,0.413
74,3,0.056,0.129,0.209,0.29,0.363
75,1,0.062,0.135,0.216,0.297,0.37
75,2,0.056,0.129,0.209,0.29,0.363
75,3,0.047,0.12,0.201,0.282,0.355
76,1,0.152,0.225,0.306,0.387,0.46
76,2,0.126,0.199,0.28,0.361,0.434
76,3,0.009,0.082,0.163,0.244,0.317
77,1,0.0,0.058,0.139,0.22,0.293
77,2,0.047,0.12,0.201,0.282,0.355
77,3,0.051,0.124,0.204,0.285,0.358
78,1,0.047,0.12,0.201,0.282,0.355
78,2,0.07,0.143,0.224,0.305,0.378
78,3,0.034,0.107,0.188,0.269,0.342
79,1,0.152,0.225,0.306,0.387,0.46
79,2,0.114,0.187,0.268,0.349,0.422
79,3,0.002,0.075,0.156,0.237,0.31
80,1,0.0,0.072,0.153,0.234,0.307
80,2,0.056,0.128,0.209,0.29,0.363
80,3,0.033,0.106,0.187,0.268,0.341
81,1,0.058,0.131,0.212,0.292,0.365
81,2,0.055,0.128,0.209,0.29,0.363
81,3,0.028,0.101,0.182,0.263,0.336
82,1,0.175,0.248,0.329,0.41,0.483
82,2,0.093,0.166,0.247,0.328,0.401
82,3,0.018,0.091,0.172,0.253,0.326
83,1,0.382,0.455,0.536,0.617,0.69
83,2,0.104,0.177,0.258,0.339,0.412
83,3,0.0,0.0,0.045,0.126,0.199
84,1,0.483,0.556,0.636,0.717,0.79
84,2,0.131,0.204,0.285,0.366,0.439
84,3,0.0,0.0,0.01,0.091,0.164
85,1,0.346,0.419,0.5,0.581,0.654
85,2,0.098,0.171,0.252,0.333,0.406
85,3,0.0,0.0,0.051,0.132,0.205
86,1,0.396,0.469,0.55,0.631,0.704
86,2,0.108,0.181,0.262,0.342,0.415
86,3,0.0,0.0,0.047,0.128,0.201
87,1,0.506,0.579,0.66,0.741,0.814
87,2,0.125,0.198,0.279,0.36,0.433
87,3,0.0,0.0,0.036,0.117,0.189
88,1,0.353,0.426,0.506,0.587,0.66
88,2,0.105,0.178,0.259,0.339,0.412
88,3,0.0,0.0,0.073,0.154,0.227
89,1,0.405,0.478,0.559,0.64,0.713
89,2,0.115,0.188,0.269,0.349,0.422
89,3,0.0,0.0,0.02,0.101,0.174
90,1,0.482,0.555,0.636,0.717,0.79
90,2,0.13,0.203,0.284,0.365,0.438
90,3,0.0,0.0,0.019,0.1,0.173
91,1,0.332,0.405,0.486,0.567,0.64
91,2,0.099,0.172,0.253,0.333,0.406
91,3,0.0,0.0,0.024,0.104,0.177
92,1,0.39,0.463,0.543,0.624,0.697
92,2,0.099,0.172,0.252,0.333,0.406
92,3,0.0,0.0,0.028,0.109,0.182
93,1,0.505,0.578,0.659,0.739,0.812
93,2,0.141,0.214,0.295,0.376,0.449
93,3,0.0,0.0,0.012,0.093,0.165
94,1,0.348,0.421,0.501,0.582,0.655
94,2,0.105,0.177,0.258,0.339,0.412
94,3,0.0,0.0,0.066,0.147,0.22
95,1,0.367,0.44,0.521,0.602,0.675
95,2,0.111,0.184,0.265,0.346,0.419
95,3,0.0,0.0,0.036,0.117,0.19
96,1,0.148,0.221,0.302,0.382,0.455
96,2,0.0,0.053,0.133,0.214,0.287
96,3,0.0,0.043,0.124,0.205,0.278
97,1,0.209,0.282,0.363,0.443,0.516
97,2,0.0,0.049,0.13,0.211,0.284
97,3,0.0,0.036,0.117,0.198,0.271
98,1,0.1,0.173,0.254,0.335,0.408
98,2,0.0,0.036,0.117,0.198,0.271
98,3,0.0,0.04,0.121,0.202,0.275
99,1,0.154,0.227,0.308,0.389,0.462
99,2,0.0,0.03,0.111,0.192,0.265
99,3,0.0,0.011,0.092,0.173,0.246
100,1,0.243,0.316,0.397,0.478,0.551
100,2,0.011,0.084,0.165,0.245,0.318
100,3,0.0,0.039,0.12,0.201,0.274
101,1,0.116,0.189,0.27,0.351,0.424
101,2,0.0,0.012,0.093,0.174,0.247
101,3,0.0,0.03,0.111,0.191,0.264
102,1,0.143,0.216,0.297,0.378,0.451
102,2,0.0,0.043,0.124,0.204,0.277
102,3,0.0,0.064,0.145,0.226,0.299
103,1,0.159,0.231,0.312,0.393,0.466
103,2,0.0,0.054,0.135,0.216,0.289
103,3,0.0,0.042,0.123,0.204,0.277
104,1,0.231,0.304,0.385,0.466,0.539
104,2,0.023,0.096,0.177,0.258,0.331
104,3,0.0,0.029,0.11,0.191,0.264
105,1,0.075,0.148,0.229,0.31,0.383
105,2,0.0,0.026,0.106,0.187,0.26
105,3,0.0,0.027,0.107,0.188,0.261
106,1,0.162,0.235,0.316,0.397,0.47
106,2,0.016,0.089,0.169,0.25,0.323
106,3,0.0,0.056,0.137,0.218,0.291
107,1,0.298,0.371,0.452,0.532,0.605
107,2,0.061,0.134,0.215,0.296,0.369
107,3,0.0,0.052,0.133,0.214,0.287
108,1,0.254,0.327,0.408,0.489,0.562
108,2,0.05,0.123,0.203,0.284,0.357
108,3,0.005,0.078,0.159,0.239,0.312
109,1,0.287,0.36,0.441,0.522,0.595
109,2,0.073,0.146,0.227,0.308,0.381
109,3,0.0,0.037,0.118,0.199,0.272
110,1,0.258,0.331,0.412,0.493,0.566
110,2,0.065,0.138,0.219,0.3,0.373
110,3,0.0,0.041,0.122,0.203,0.276
111,1,0.281,0.354,0.435,0.515,0.588
111,2,0.064,0.137,0.218,0.299,0.372
111,3,0.0,0.043,0.124,0.204,0.277
112,1,0.268,0.341,0.422,0.503,0.576
112,2,0.048,0.121,0.201,0.282,0.355
112,3,0.0,0.015,0.096,0.177,0.25
113,1,0.502,0.575,0.656,0.737,0.81
113,2,0.096,0.169,0.25,0.331,0.404
113,3,0.0,0.0,0.068,0.148,0.221
114,1,0.614,0.687,0.768,0.848,0.921
114,2,0.127,0.2,0.281,0.362,0.435
114,3,0.0,0.0,0.079,0.16,0.233
115,1,0.451,0.524,0.605,0.686,0.759
115,2,0.058,0.131,0.212,0.293,0.366
115,3,0.0,0.0,0.077,0.158,0.231
116,1,0.548,0.621,0.702,0.783,0.856
116,2,0.109,0.182,0.263,0.344,0.417
116,3,0.0,0.0,0.035,0.116,0.189
117,1,0.632,0.705,0.786,0.867,0.94
117,2,0.138,0.211,0.292,0.373,0.446
117,3,0.0,0.0,0.052,0.133,0.206
118,1,0.485,0.558,0.639,0.72,0.793
118,2,0.076,0.149,0.23,0.311,0.384
118,3,0.0,0.006,0.087,0.167,0.24
119,1,0.51,0.583,0.664,0.745,0.818
119,2,0.115,0.188,0.269,0.35,0.423
119,3,0.0,0.0,0.049,0.13,0.202
120,1,0.621,0.694,0.775,0.856,0.929
120,2,0.149,0.222,0.303,0.384,0.457
120,3,0.0,0.0,0.033,0.114,0.187
121,1,0.488,0.561,0.642,0.723,0.796
121,2,0.075,0.148,0.229,0.31,0.383
121,3,0.0,0.0,0.063,0.144,0.217
122,1,0.534,0.607,0.688,0.768,0.841
122,2,0.093,0.166,0.247,0.328,0.401
122,3,0.0,0.0,0.051,0.131,0.204
123,1,0.452,0.525,0.606,0.687,0.76
123,2,0.07,0.142,0.223,0.304,0.377
123,3,0.0,0.009,0.09,0.171,0.244
124,1,0.548,0.621,0.702,0.783,0.856
124,2,0.137,0.21,0.291,0.372,0.445
124,3,0.0,0.0,0.081,0.161,0.234
125,1,0.602,0.675,0.756,0.837,0.91
125,2,0.144,0.216,0.297,0.378,0.451
125,3,0.0,0.0,0.069,0.15,0.223
126,1,0.475,0.548,0.629,0.71,0.783
126,2,0.1,0.173,0.254,0.335,0.408
126,3,0.0,0.004,0.085,0.166,0.239
127,1,0.636,0.709,0.79,0.871,0.944
127,2,0.084,0.157,0.238,0.319,0.392
127,3,0.0,0.04,0.12,0.201,0.274
128,1,0.745,0.818,0.899,0.98,1.0
128,2,0.098,0.171,0.252,0.333,0.406
128,3,0.0,0.003,0.084,0.164,0.237
129,1,0.603,0.676,0.757,0.838,0.911
129,2,0.053,0.126,0.206,0.287,0.36
129,3,0.0,0.063,0.144,0.225,0.298
130,1,0.641,0.713,0.794,0.875,0.948
130,2,0.101,0.174,0.254,0.335,0.408
130,3,0.0,0.042,0.123,0.204,0.277
131,1,0.716,0.789,0.87,0.951,1.0
131,2,0.103,0.176,0.257,0.338,0.411
131,3,0.0,0.047,0.128,0.208,0.281
132,1,0.607,0.68,0.761,0.842,0.915
132,2,0.069,0.142,0.223,0.304,0.377
132,3,0.0,0.022,0.103,0.183,0.256
133,1,0.63,0.703,0.784,0.865,0.938
133,2,0.08,0.153,0.234,0.315,0.388
133,3,0.0,0.033,0.114,0.195,0.268
134,1,0.735,0.808,0.889,0.97,1.0
134,2,0.11,0.183,0.264,0.345,0.417
134,3,0.0,0.012,0.093,0.174,0.247
135,1,0.6,0.673,0.754,0.835,0.908
135,2,0.082,0.155,0.236,0.317,0.39
135,3,0.0,0.053,0.133,0.214,0.287
136,1,0.659,0.732,0.813,0.894,0.966
136,2,0.091,0.164,0.245,0.326,0.398
136,3,0.0,0.019,0.1,0.18,0.253
137,1,0.708,0.781,0.862,0.942,1.0
137,2,0.102,0.175,0.256,0.337,0.41
137,3,0.0,0.0,0.078,0.159,0.232
138,1,0.575,0.648,0.729,0.81,0.883
138,2,0.064,0.137,0.218,0.299,0.372
138,3,0.0,0.039,0.12,0.201,0.274
139,1,0.647,0.72,0.801,0.882,0.955
139,2,0.121,0.194,0.275,0.355,0.428
139,3,0.0,0.047,0.127,0.208,0.281
140,1,0.738,0.81,0.891,0.972,1.0
140,2,0.145,0.218,0.299,0.379,0.452
140,3,0.0,0.022,0.103,0.183,0.256
141,1,0.603,0.676,0.757,0.838,0.91
141,2,0.074,0.147,0.228,0.309,0.382
141,3,0.0,0.065,0.146,0.227,0.3
142,1,0.3,0.373,0.454,0.535,0.608
142,2,0.0,0.056,0.137,0.218,0.291
142,3,0.0,0.045,0.126,0.207,0.28
143,1,0.393,0.466,0.546,0.627,0.7
143,2,0.0,0.07,0.151,0.232,0.305
143,3,0.0,0.025,0.106,0.187,0.26
144,1,0.236,0.309,0.389,0.47,0.543
144,2,0.0,0.041,0.122,0.202,0.275
144,3,0.0,0.054,0.135,0.216,0.289
145,1,0.295,0.368,0.448,0.529,0.602
145,2,0.0,0.053,0.134,0.215,0.288
145,3,0.0,0.031,0.111,0.192,0.265
146,1,0.39,0.463,0.543,0.624,0.697
146,2,0.018,0.091,0.172,0.253,0.326
146,3,0.0,0.0,0.079,0.16,0.233
147,1,0.223,0.296,0.376,0.457,0.53
147,2,0.0,0.056,0.137,0.218,0.291
147,3,0.004,0.077,0.157,0.238,0.311
148,1,0.285,0.358,0.439,0.52,0.593
148,2,0.0,0.054,0.135,0.216,0.289
148,3,0.0,0.031,0.112,0.193,0.265
149,1,0.398,0.471,0.552,0.633,0.706
149,2,0.03,0.103,0.184,0.264,0.337
149,3,0.0,0.023,0.103,0.184,0.257
150,1,0.25,0.323,0.404,0.485,0.558
150,2,0.0,0.037,0.118,0.199,0.272
150,3,0.0,0.07,0.151,0.232,0.305
151,1,0.292,0.365,0.446,0.527,0.6
151,2,0.0,0.063,0.144,0.225,0.298
151,3,0.0,0.049,0.13,0.211,0.284
152,1,0.391,0.464,0.545,0.626,0.698
152,2,0.022,0.095,0.175,0.256,0.329
152,3,0.0,0.009,0.09,0.171,0.244
153,1,0.271,0.344,0.425,0.506,0.579
153,2,0.0,0.033,0.114,0.195,0.268
153,3,0.0,0.061,0.142,0.223,0.296
154,1,0.314,0.387,0.468,0.549,0.622
154,2,0.0,0.069,0.15,0.231,0.304
154,3,0.0,0.028,0.109,0.19,0.263
155,1,0.383,0.456,0.537,0.618,0.691
155,2,0.023,0.096,0.177,0.258,0.331
155,3,0.0,0.031,0.112,0.192,0.265
156,1,0.228,0.301,0.382,0.462,0.535
156,2,0.0,0.039,0.12,0.201,0.274
156,3,0.0,0.05,0.131,0.212,0.285
157,1,0.141,0.214,0.295,0.376,0.449
157,2,0.07,0.143,0.224,0.305,0.378
157,3,0.011,0.084,0.164,0.245,0.318
158,1,0.237,0.31,0.39,0.471,0.544
158,2,0.098,0.171,0.252,0.333,0.406
158,3,0.001,0.074,0.155,0.236,0.309
159,1,0.063,0.136,0.217,0.298,0.371
159,2,0.061,0.134,0.215,0.296,0.369
159,3,0.037,0.11,0.191,0.272,0.345
160,1,0.123,0.196,0.277,0.358,0.431
160,2,0.066,0.139,0.22,0.301,0.374
160,3,0.019,0.092,0.173,0.254,0.327
161,1,0.208,0.281,0.362,0.443,0.516
161,2,0.075,0.148,0.229,0.31,0.383
161,3,0.0,0.071,0.152,0.233,0.306
162,1,0.104,0.177,0.258,0.339,0.412
162,2,0.054,0.127,0.208,0.289,0.362
162,3,0.015,0.088,0.169,0.25,0.323
163,1,0.22,0.293,0.374,0.455,0.528
163,2,0.106,0.179,0.26,0.341,0.414
163,3,0.0,0.06,0.141,0.222,0.295
164,1,0.076,0.149,0.229,0.31,0.383
164,2,0.026,0.098,0.179,0.26,0.333
164,3,0.034,0.107,0.188,0.269,0.342
165,1,0.111,0.184,0.265,0.346,0.419
165,2,0.071,0.144,0.224,0.305,0.378
165,3,0.033,0.106,0.187,0.268,0.341
166,1,0.202,0.275,0.356,0.437,0.51
166,2,0.094,0.167,0.248,0.329,0.401
166,3,0.0,0.065,0.146,0.227,0.3
167,1,0.067,0.14,0.221,0.302,0.375
167,2,0.042,0.115,0.196,0.277,0.35
167,3,0.046,0.119,0.2,0.281,0.353
168,1,0.103,0.176,0.256,0.337,0.41
168,2,0.059,0.132,0.212,0.293,0.366
168,3,0.016,0.089,0.17,0.251,0.324
169,1,0.221,0.294,0.375,0.456,0.529
169,2,0.096,0.169,0.25,0.33,0.403
169,3,0.011,0.084,0.165,0.246,0.319
170,1,0.063,0.136,0.217,0.298,0.371
170,2,0.052,0.125,0.206,0.287,0.36
170,3,0.03,0.103,0.184,0.265,0.338
171,1,0.0,0.027,0.108,0.189,0.262
171,2,0.042,0.115,0.196,0.277,0.35
171,3,0.013,0.086,0.167,0.248,0.321
172,1,0.033,0.106,0.187,0.268,0.341
172,2,0.095,0.168,0.249,0.329,0.402
172,3,0.0,0.057,0.138,0.218,0.291
173,1,0.0,0.0,0.016,0.097,0.17
173,2,0.016,0.089,0.17,0.251,0.324
173,3,0.0,0.064,0.145,0.226,0.299
174,1,0.0,0.038,0.119,0.199,0.272
174,2,0.05,0.123,0.204,0.285,0.358
174,3,0.013,0.086,0.167,0.248,0.321
175,1,0.053,0.126,0.207,0.287,0.36
175,2,0.035,0.108,0.189,0.269,0.342
175,3,0.0,0.043,0.123,0.204,0.277
176,1,0.0,0.0,0.058,0.139,0.212
176,2,0.009,0.082,0.163,0.244,0.317
176,3,0.017,0.09,0.171,0.252,0.325
177,1,0.0,0.042,0.123,0.204,0.277
177,2,0.069,0.142,0.223,0.304,0.377
177,3,0.02,0.092,0.173,0.254,0.327
178,1,0.0,0.0,0.045,0.125,0.198
178,2,0.005,0.078,0.158,0.239,0.312
178,3,0.0,0.066,0.147,0.228,0.301
179,1,0.0,0.051,0.132,0.213,0.286
179,2,0.025,0.098,0.179,0.26,0.333
179,3,0.003,0.076,0.157,0.238,0.311
180,1,0.028,0.101,0.182,0.263,0.336
180,2,0.079,0.152,0.233,0.314,0.387
180,3,0.0,0.039,0.12,0.201,0.274
181,1,0.0,0.0,0.051,0.132,0.205
181,2,0.015,0.088,0.169,0.25,0.323
181,3,0.003,0.076,0.157,0.237,0.31
182,1,0.0,0.035,0.116,0.197,0.27
182,2,0.026,0.099,0.179,0.26,0.333
182,3,0.0,0.07,0.151,0.232,0.305
183,1,0.01,0.083,0.164,0.245,0.318
183,2,0.056,0.129,0.21,0.291,0.364
183,3,0.0,0.061,0.142,0.222,0.295
184,1,0.0,0.0,0.055,0.136,0.209
184,2,0.038,0.111,0.191,0.272,0.345
184,3,0.0,0.064,0.144,0.225,0.298
185,1,0.089,0.162,0.243,0.324,0.397
185,2,0.106,0.179,0.26,0.341,0.414
185,3,0.013,0.086,0.167,0.248,0.321
186,1,0.19,0.263,0.343,0.424,0.497
186,2,0.13,0.203,0.283,0.364,0.437
186,3,0.065,0.138,0.219,0.3,0.372
187,1,0.012,0.085,0.165,0.246,0.319
187,2,0.064,0.137,0.218,0.299,0.372
187,3,0.072,0.145,0.226,0.307,0.38
188,1,0.091,0.164,0.245,0.325,0.398
188,2,0.087,0.16,0.24,0.321,0.394
188,3,0.04,0.113,0.194,0.275,0.348
189,1,0.175,0.248,0.329,0.41,0.483
189,2,0.118,0.191,0.272,0.353,0.426
189,3,0.057,0.13,0.211,0.292,0.365
190,1,0.011,0.084,0.165,0.246,0.319
190,2,0.075,0.148,0.229,0.31,0.383
190,3,0.052,0.125,0.206,0.287,0.36
191,1,0.093,0.166,0.247,0.328,0.4
191,2,0.092,0.165,0.246,0.327,0.4
191,3,0.051,0.124,0.205,0.286,0.359
192,1,0.172,0.245,0.326,0.407,0.48
192,2,0.149,0.222,0.303,0.384,0.457
192,3,0.022,0.095,0.176,0.257,0.33
193,1,0.02,0.093,0.174,0.254,0.327
193,2,0.097,0.17,0.251,0.332,0.405
193,3,0.079,0.152,0.233,0.314,0.387
194,1,0.066,0.139,0.22,0.301,0.373
194,2,0.087,0.16,0.241,0.322,0.395
194,3,0.057,0.13,0.211,0.292,0.365
195,1,0.025,0.098,0.179,0.26,0.333
195,2,0.091,0.164,0.245,0.326,0.399
195,3,0.086,0.159,0.24,0.321,0.394
196,1,0.074,0.147,0.228,0.309,0.382
196,2,0.093,0.166,0.247,0.327,0.4
196,3,0.054,0.127,0.208,0.289,0.362
197,1,0.034,0.107,0.188,0.269,0.342
197,2,0.075,0.147,0.228,0.309,0.382
197,3,0.079,0.152,0.233,0.314,0.387
198,1,0.441,0.514,0.594,0.675,0.748
198,2,0.154,0.227,0.307,0.388,0.461
198,3,0.0,0.0,0.057,0.138,0.211
199,1,0.51,0.583,0.664,0.745,0.818
199,2,0.161,0.234,0.315,0.396,0.469
199,3,0.0,0.0,0.055,0.136,0.209
200,1,0.367,0.44,0.521,0.602,0.675
200,2,0.114,0.187,0.268,0.349,0.422
200,3,0.0,0.0,0.079,0.16,0.233
201,1,0.415,0.488,0.569,0.65,0.723
201,2,0.126,0.199,0.28,0.361,0.434
201,3,0.0,0.0,0.071,0.152,0.225
202,1,0.513,0.586,0.667,0.748,0.821
202,2,0.184,0.257,0.338,0.419,0.492
202,3,0.0,0.0,0.039,0.119,0.192
203,1,0.344,0.417,0.498,0.579,0.652
203,2,0.133,0.206,0.287,0.368,0.441
203,3,0.0,0.0,0.078,0.158,0.231
204,1,0.428,0.501,0.582,0.663,0.736
204,2,0.101,0.174,0.255,0.336,0.409
204,3,0.0,0.0,0.038,0.119,0.192
205,1,0.53,0.603,0.684,0.765,0.838
205,2,0.165,0.238,0.318,0.399,0.472
205,3,0.0,0.0,0.038,0.119,0.192
206,1,0.352,0.425,0.506,0.587,0.66
206,2,0.101,0.173,0.254,0.335,0.408
206,3,0.0,0.0,0.042,0.122,0.195
207,1,0.432,0.505,0.586,0.667,0.74
207,2,0.133,0.206,0.286,0.367,0.44
207,3,0.0,0.0,0.056,0.137,0.21
208,1,0.52,0.593,0.674,0.755,0.828
208,2,0.129,0.202,0.283,0.364,0.437
208,3,0.0,0.0,0.023,0.104,0.177
209,1,0.429,0.502,0.583,0.664,0.737
209,2,0.133,0.206,0.287,0.368,0.441
209,3,0.0,0.0,0.062,0.143,0.216
210,1,0.376,0.449,0.53,0.611,0.684
210,2,0.135,0.208,0.289,0.37,0.443
210,3,0.0,0.015,0.096,0.177,0.25
211,1,0.155,0.228,0.309,0.39,0.463
211,2,0.011,0.084,0.165,0.246,0.319
211,3,0.0,0.044,0.125,0.206,0.279
212,1,0.294,0.367,0.448,0.529,0.602
212,2,0.052,0.125,0.206,0.287,0.36
212,3,0.0,0.031,0.112,0.193,0.266
213,1,0.106,0.179,0.26,0.341,0.414
213,2,0.0,0.048,0.129,0.21,0.283
213,3,0.015,0.088,0.169,0.25,0.323
214,1,0.158,0.231,0.311,0.392,0.465
214,2,0.009,0.082,0.163,0.244,0.317
214,3,0.0,0.028,0.109,0.19,0.263
215,1,0.269,0.342,0.423,0.504,0.577
215,2,0.025,0.098,0.178,0.259,0.332
215,3,0.0,0.053,0.134,0.215,0.288
216,1,0.141,0.214,0.295,0.376,0.449
216,2,0.0,0.022,0.103,0.184,0.257
216,3,0.0,0.056,0.136,0.217,0.29
217,1,0.187,0.26,0.341,0.422,0.495
217,2,0.0,0.044,0.125,0.206,0.279
217,3,0.023,0.096,0.176,0.257,0.33
218,1,0.102,0.175,0.256,0.336,0.409
218,2,0.0,0.052,0.133,0.214,0.287
218,3,0.006,0.078,0.159,0.24,0.313
219,1,0.173,0.246,0.327,0.407,0.48
219,2,0.02,0.092,0.173,0.254,0.327
219,3,0.005,0.078,0.159,0.24,0.313
220,1,0.296,0.369,0.45,0.53,0.603
220,2,0.0,0.07,0.151,0.232,0.305
220,3,0.0,0.043,0.124,0.205,0.278
221,1,0.133,0.206,0.287,0.368,0.44
221,2,0.0,0.067,0.148,0.228,0.301
221,3,0.0,0.06,0.141,0.222,0.295
222,1,0.185,0.258,0.338,0.419,0.492
222,2,0.012,0.085,0.166,0.247,0.32
222,3,0.006,0.079,0.159,0.24,0.313
223,1,0.27,0.343,0.424,0.505,0.578
223,2,0.047,0.12,0.201,0.282,0.355
223,3,0.0,0.048,0.129,0.21,0.283
224,1,0.087,0.16,0.241,0.322,0.395
224,2,0.0,0.045,0.126,0.207,0.28
224,3,0.004,0.077,0.157,0.238,0.311
