gruppe_id,branche_id,stoerrelse_id,sektor_id,region_id,aar,antal_arbejdssteder
1,0,0,0,0,2012,2228
2,0,0,0,1,2012,539
3,0,0,0,2,2012,1900
4,0,0,0,3,2012,535
5,0,0,0,4,2012,386
6,0,0,0,5,2012,1383
7,1,0,0,0,2012,319
8,1,0,1,0,2012,1171
9,1,0,2,0,2012,909
10,1,1,0,0,2012,1182
11,1,1,1,0,2012,45
12,1,1,2,0,2012,82
13,1,2,0,0,2012,1276
14,1,2,1,0,2012,58
15,1,2,2,0,2012,74
16,1,3,0,0,2012,1538
17,1,3,1,0,2012,40
18,1,3,2,0,2012,18
19,1,4,0,0,2012,2464
20,1,4,2,0,2012,81
21,2,0,0,0,2012,306
22,2,0,1,0,2012,323
23,2,0,2,0,2012,730
24,2,1,0,0,2012,2454
25,2,1,1,0,2012,69
26,2,1,2,0,2012,75
27,2,2,0,0,2012,996
28,2,2,1,0,2012,61
29,2,3,0,0,2012,2414
30,2,3,1,0,2012,56
31,2,4,0,0,2012,1230
32,2,4,1,0,2012,64
33,3,0,0,0,2012,1236
34,3,0,1,0,2012,1721
35,3,0,2,0,2012,433
36,3,1,0,0,2012,345
37,3,1,1,0,2012,18
38,3,1,2,0,2012,83
39,3,2,0,0,2012,412
40,3,2,1,0,2012,27
41,3,2,2,0,2012,57
42,3,3,0,0,2012,166
43,3,3,1,0,2012,56
44,3,3,2,0,2012,19
45,3,4,0,0,2012,424
46,3,4,2,0,2012,88
47,4,0,0,0,2012,107
48,4,0,1,0,2012,1249
49,4,0,2,0,2012,2281
50,4,1,0,0,2012,1958
51,4,1,2,0,2012,32
52,4,2,0,0,2012,749
53,4,2,1,0,2012,61
54,4,2,2,0,2012,51
55,4,3,0,0,2012,158
56,4,3,1,0,2012,29
57,4,3,2,0,2012,59
58,4,4,0,0,2012,2039
59,5,0,0,0,2012,671
60,5,0,1,0,2012,679
61,5,0,2,0,2012,196
62,5,1,0,0,2012,980
63,5,1,1,0,2012,36
64,5,1,2,0,2012,62
65,5,2,0,0,2012,1362
66,5,3,0,0,2012,2598
67,5,4,0,0,2012,1847
68,5,4,1,0,2012,67
69,5,4,2,0,2012,38
70,6,0,0,0,2012,2376
71,6,0,1,0,2012,1556
72,6,0,2,0,2012,1866
73,6,1,0,0,2012,1519
74,6,1,1,0,2012,43
75,6,2,0,0,2012,231
76,6,2,1,0,2012,44
77,6,2,2,0,2012,42
78,6,3,0,0,2012,881
79,6,3,1,0,2012,52
80,6,3,2,0,2012,68
81,6,4,0,0,2012,2121
82,6,4,1,0,2012,25
83,7,0,0,0,2012,2070
84,7,0,1,0,2012,1917
85,7,0,2,0,2012,943
86,7,1,0,0,2012,808
87,7,1,1,0,2012,58
88,7,1,2,0,2012,80
89,7,2,0,0,2012,727
90,7,2,1,0,2012,87
91,7,2,2,0,2012,23
92,7,3,0,0,2012,211
93,7,3,1,0,2012,17
94,7,3,2,0,2012,42
95,7,4,0,0,2012,1860
96,8,0,0,0,2012,1609
97,8,0,1,0,2012,1712
98,8,0,2,0,2012,277
99,8,1,0,0,2012,1033
100,8,1,1,0,2012,15
101,8,1,2,0,2012,81
102,8,2,0,0,2012,819
103,8,3,0,0,2012,141
104,8,3,1,0,2012,84
105,8,3,2,0,2012,71
106,8,4,0,0,2012,819
107,0,0,0,0,2022,913
108,0,0,0,1,2022,1750
109,0,0,0,2,2022,1873
110,0,0,0,3,2022,2204
111,0,0,0,4,2022,659
112,0,0,0,5,2022,1806
113,1,0,0,0,2022,2322
114,1,0,1,0,2022,905
115,1,0,2,0,2022,610
116,1,1,0,0,2022,1092
117,1,1,1,0,2022,14
118,1,1,2,0,2022,24
119,1,2,0,0,2022,593
120,1,2,1,0,2022,40
121,1,2,2,0,2022,41
122,1,3,0,0,2022,1055
123,1,3,2,0,2022,70
124,1,4,0,0,2022,2569
125,1,4,1,0,2022,18
126,1,4,2,0,2022,58
127,2,0,0,0,2022,1129
128,2,0,1,0,2022,2278
129,2,0,2,0,2022,189
130,2,1,0,0,2022,1908
131,2,1,1,0,2022,25
132,2,1,2,0,2022,28
133,2,2,0,0,2022,269
134,2,2,1,0,2022,59
135,2,2,2,0,2022,51
136,2,3,0,0,2022,1969
137,2,3,1,0,2022,73
138,2,3,2,0,2022,62
139,2,4,0,0,2022,765
140,2,4,1,0,2022,65
141,2,4,2,0,2022,20
142,3,0,0,0,2022,1217
143,3,0,1,0,2022,1729
144,3,0,2,0,2022,1049
145,3,1,0,0,2022,196
146,3,1,1,0,2022,75
147,3,1,2,0,2022,40
148,3,2,0,0,2022,1805
149,3,2,1,0,2022,65
150,3,2,2,0,2022,75
151,3,3,0,0,2022,2072
152,3,3,1,0,2022,40
153,3,3,2,0,2022,59
154,3,4,0,0,2022,536
155,3,4,1,0,2022,35
156,3,4,2,0,2022,84
157,4,0,0,0,2022,1394
158,4,0,1,0,2022,2369
159,4,0,2,0,2022,1229
160,4,1,0,0,2022,1801
161,4,1,1,0,2022,38
162,4,2,0,0,2022,789
163,4,2,1,0,2022,71
164,4,2,2,0,2022,72
165,4,3,0,0,2022,255
166,4,3,1,0,2022,20
167,4,3,2,0,2022,84
168,4,4,0,0,2022,1870
169,4,4,1,0,2022,68
170,4,4,2,0,2022,57
171,5,0,0,0,2022,347
172,5,0,1,0,2022,1358
173,5,0,2,0,2022,342
174,5,1,0,0,2022,2453
175,5,1,1,0,2022,70
176,5,1,2,0,2022,53
177,5,2,0,0,2022,1780
178,5,2,2,0,2022,34
179,5,3,0,0,2022,862
180,5,3,1,0,2022,53
181,5,3,2,0,2022,48
182,5,4,0,0,2022,2199
183,5,4,1,0,2022,59
184,5,4,2,0,2022,53
185,6,0,0,0,2022,1544
186,6,0,1,0,2022,1310
187,6,0,2,0,2022,1452
188,6,1,0,0,2022,1694
189,6,1,1,0,2022,25
190,6,1,2,0,2022,15
191,6,2,0,0,2022,869
192,6,2,1,0,2022,32
193,6,2,2,0,2022,89
194,6,3,0,0,2022,2214
195,6,3,2,0,2022,62
196,6,4,0,0,2022,2107
197,6,4,2,0,2022,53
198,7,0,0,0,2022,965
199,7,0,1,0,2022,2067
200,7,0,2,0,2022,603
201,7,1,0,0,2022,1985
202,7,1,1,0,2022,58
203,7,1,2,0,2022,32
204,7,2,0,0,2022,190
205,7,2,1,0,2022,25
206,7,2,2,0,2022,69
207,7,3,0,0,2022,1026
208,7,3,1,0,2022,23
209,7,4,0,0,2022,118
210,7,4,2,0,2022,58
211,8,0,0,0,2022,600
212,8,0,1,0,2022,2047
213,8,0,2,0,2022,1331
214,8,1,0,0,2022,1220
215,8,1,1,0,2022,38
216,8,1,2,0,2022,63
217,8,2,0,0,2022,1128
218,8,2,2,0,2022,20
219,8,3,0,0,2022,1609
220,8,3,1,0,2022,29
221,8,3,2,0,2022,17
222,8,4,0,0,2022,1584
223,8,4,1,0,2022,36
224,8,4,2,0,2022,31
